

Instance: /OVRP/100p1v.ovrp
Method: RKO
Sol: 0 14 47 44 20 8 97 38 72 21 87 16 98 48 24 79 60 75 63 83 86 82 95 84 100 96 32 91 1 17 57 26 70 81 39 49 52 45 61 80 64 34 93 78 66 73 6 85 18 7 74 99 22 36 37 10 67 2 15 29 76 92 13 69 11 12 27 23 3 31 35 43 58 89 55 71 4 54 19 9 65 33 46 62 56 25 30 40 53 41 50 88 77 94 42 68 5 59 51 28 90 
ofv: 3.023214
Best time: 10.174
Total time:10.193 


Instance: /OVRP/100p3v.ovrp
Method: RKO
Sol: 0 16 59 19 3 93 98 102 86 42 55 79 96 44 30 53 61 7 70 92 90 52 43 34 64 84 88 76 101 9 24 38 39 1 89 91 57 60 45 37 71 14 33 5 25 29 13 15 94 78 31 17 4 69 63 47 50 54 51 40 73 6 56 21 11 99 10 22 46 49 2 82 66 36 95 80 68 75 8 87 12 20 85 65 97 27 32 58 77 26 81 62 48 35 67 28 72 83 41 74 23 100 18 
ofv: 2.940796
Best time: 8.661
Total time:10.182 


Instance: /OVRP/100p5v.ovrp
Method: RKO
Sol: 2 40 26 22 87 67 0 61 51 12 101 24 48 18 94 32 55 63 9 72 46 98 81 92 1 93 62 35 7 27 31 16 15 73 39 47 17 96 80 33 19 6 71 89 10 77 4 3 82 97 38 70 68 84 41 14 11 103 78 90 86 99 36 54 45 57 44 88 104 100 95 5 21 69 37 30 42 59 91 20 65 49 102 43 85 74 50 66 34 29 60 79 64 83 28 52 56 53 25 76 75 8 58 23 13 
ofv: 3.018944
Best time: 9.308
Total time:10.178 


Instance: /OVRP/300p1v.ovrp
Method: RKO
Sol: 0 246 57 17 159 165 82 104 271 219 22 260 156 149 30 25 177 1 117 296 206 139 229 38 249 70 81 39 61 213 169 122 80 283 125 198 276 174 64 184 36 252 227 158 179 7 237 155 185 85 257 15 29 16 113 109 49 142 258 273 178 263 231 146 110 27 187 282 23 3 186 31 189 288 160 224 215 235 147 71 19 150 201 168 234 285 152 140 294 253 278 95 211 275 197 96 32 53 277 233 247 77 202 218 164 8 216 226 97 107 190 72 157 112 2 102 268 73 172 230 37 265 99 74 188 56 238 212 84 170 41 88 166 94 163 42 286 108 207 228 254 162 171 274 59 203 192 5 118 103 239 40 214 299 100 46 292 79 24 60 62 200 124 180 291 261 250 68 51 28 123 141 279 115 240 244 193 75 243 205 129 262 89 194 69 295 154 209 78 93 34 127 300 66 236 287 137 225 148 298 208 133 210 135 35 126 120 20 284 143 270 44 101 223 256 65 26 128 132 83 136 45 251 98 52 130 144 195 121 138 245 204 255 134 196 6 222 67 176 199 281 55 290 191 58 43 12 11 221 145 181 266 280 13 92 76 259 105 297 18 114 232 241 63 48 21 183 4 54 217 119 33 264 242 86 175 272 91 50 167 106 248 90 151 161 14 47 173 9 131 269 153 220 182 111 87 267 293 289 116 10 
ofv: 9.455578
Best time: 12.365
Total time:12.406 


Instance: /OVRP/300p3v.ovrp
Method: RKO
Sol: 0 204 125 44 276 79 249 235 279 55 102 277 177 202 197 146 134 72 208 149 237 184 57 283 201 264 253 273 221 296 38 187 215 217 196 210 300 178 115 111 100 51 83 251 145 286 228 1 207 131 159 23 89 150 227 18 63 299 206 157 239 20 85 294 130 161 19 256 143 119 28 74 91 191 5 25 231 40 175 272 46 22 218 49 110 288 169 108 92 30 53 61 205 194 120 263 105 241 42 190 116 257 171 238 136 198 174 4 114 47 138 287 26 81 59 248 16 163 164 216 243 65 107 261 69 224 87 8 104 29 284 189 14 71 162 139 260 275 54 41 258 225 103 10 99 152 21 271 155 122 73 141 144 245 62 242 58 240 214 86 172 301 43 52 182 168 165 96 2 186 82 200 278 176 66 285 259 265 17 31 183 147 112 223 13 282 15 94 78 289 269 88 151 27 32 98 199 117 64 167 97 84 181 160 213 274 34 93 126 3 281 67 230 11 192 170 219 56 6 133 185 236 121 35 298 266 48 132 179 90 173 293 252 7 70 250 153 220 166 209 109 203 222 128 113 292 193 60 45 268 297 148 233 156 270 75 232 124 39 267 254 229 12 118 291 295 247 140 123 77 195 246 234 244 158 76 101 280 9 50 135 37 212 137 33 188 290 226 180 127 68 302 211 80 95 36 129 142 154 24 255 262 106 
ofv: 9.574263
Best time: 12.019
Total time:12.368 


Instance: /OVRP/300p5v.ovrp
Method: RKO
Sol: 4 107 251 81 290 51 211 123 238 43 271 217 71 226 280 304 38 131 144 156 298 257 231 86 279 104 88 174 36 276 54 92 175 98 295 265 254 122 196 207 63 9 72 94 155 105 1 133 209 173 259 126 40 223 275 26 256 41 269 14 120 293 291 182 20 117 141 116 261 6 158 272 106 176 297 197 248 245 236 99 169 118 246 183 108 264 241 140 52 85 74 253 42 210 75 124 151 186 224 130 294 195 39 137 212 198 228 219 302 47 62 93 152 229 208 159 249 142 132 69 260 232 177 13 154 23 221 58 8 172 111 48 24 12 205 187 135 273 157 25 146 53 56 113 80 33 267 299 19 263 109 65 204 179 201 100 95 128 5 268 37 300 258 145 171 252 127 32 55 278 46 167 50 28 289 87 11 282 78 67 125 244 199 66 192 90 89 200 150 114 31 191 286 27 7 292 102 247 83 64 79 296 76 115 59 285 0 112 121 283 181 119 163 21 61 18 165 2 189 49 262 255 180 91 203 239 233 30 166 170 110 3 70 77 235 185 149 225 270 164 277 136 134 148 161 266 143 194 274 147 288 101 230 220 168 227 222 250 206 184 45 218 303 216 34 29 215 60 242 57 237 281 243 44 153 162 160 103 22 301 96 17 284 15 16 193 190 35 139 214 73 10 240 138 68 178 97 82 213 202 129 287 188 84 234 
ofv: 9.848338
Best time: 11.802
Total time:12.829 


Instance: /OVRP/500p1v.ovrp
Method: RKO
Sol: 0 17 159 394 306 438 390 433 299 170 84 457 303 341 188 430 265 376 185 322 116 121 200 351 167 106 123 466 497 463 118 365 250 356 108 327 9 173 20 44 270 359 223 292 85 452 450 339 34 498 236 2 266 181 384 357 11 221 110 295 69 92 160 137 49 313 177 91 88 274 42 481 166 233 477 277 350 53 405 417 439 366 189 31 186 470 12 413 280 13 298 89 281 220 315 404 471 68 328 380 400 261 340 403 144 130 229 71 120 206 21 392 426 79 243 24 3 319 146 231 429 172 494 318 368 488 134 222 67 320 61 449 396 227 253 352 389 174 478 443 459 345 125 196 383 257 364 334 286 500 363 47 8 491 54 321 147 235 205 129 52 337 468 50 476 180 386 234 4 183 131 126 311 469 314 427 43 133 422 354 27 454 145 336 461 419 268 329 66 276 304 184 36 252 10 434 421 289 297 293 360 112 442 263 453 428 154 301 102 73 316 6 213 267 372 136 431 195 62 240 83 245 138 86 479 212 415 446 308 156 237 260 475 455 300 418 127 294 22 7 56 416 371 291 5 192 203 59 312 496 393 397 302 164 402 101 218 246 14 254 141 175 275 367 279 117 264 495 335 305 72 113 16 460 382 259 378 194 208 135 407 35 58 191 290 483 139 95 165 379 74 278 99 179 158 437 104 271 152 348 230 283 330 64 381 349 140 355 219 37 80 122 169 255 148 344 215 76 486 401 75 214 239 247 445 163 94 51 28 310 151 161 432 256 119 190 375 385 493 358 109 176 262 338 199 391 132 399 346 440 1 325 369 228 342 168 111 324 55 448 150 485 226 97 217 269 153 182 353 410 210 23 282 474 187 408 487 162 425 398 465 202 436 57 480 388 484 48 490 472 105 15 29 288 406 224 225 87 39 249 70 81 332 441 244 309 420 331 96 197 435 272 296 207 373 107 323 414 361 326 201 216 409 284 143 444 90 248 171 40 411 423 30 25 238 211 333 60 317 251 412 347 273 374 124 41 77 377 103 100 82 242 241 26 458 19 395 362 38 467 258 204 499 370 447 128 115 32 464 462 149 424 155 387 18 114 193 46 489 33 456 343 65 492 157 482 178 287 45 451 232 63 285 307 142 98 198 209 78 93 473 
ofv: 17.722448
Best time: 19.562
Total time:19.575 


Instance: /OVRP/500p3v.ovrp
Method: RKO
Sol: 0 46 228 99 175 113 57 412 283 264 131 495 372 146 190 167 97 246 64 470 117 130 41 410 89 226 290 14 191 188 33 60 91 122 73 337 90 293 367 263 55 79 249 1 150 456 356 137 409 471 494 390 369 32 27 240 311 423 174 318 75 104 198 362 180 227 178 414 346 300 193 313 292 322 398 157 12 370 200 68 331 454 490 124 291 269 87 500 238 8 259 31 444 289 63 132 173 276 44 483 373 168 478 164 119 126 93 274 437 197 335 234 357 296 38 267 39 20 436 187 257 171 501 138 309 19 256 467 353 182 52 442 229 457 354 255 277 401 464 216 366 43 427 400 304 10 493 170 149 184 485 340 237 141 236 460 192 203 344 487 375 329 399 169 204 225 103 22 218 397 219 201 222 155 271 133 40 111 17 265 297 112 148 431 430 4 261 107 374 65 242 396 202 466 352 279 405 281 317 208 231 72 251 406 441 307 393 253 115 71 415 424 13 223 147 114 295 116 244 426 101 254 378 383 332 127 320 285 82 324 85 489 468 499 465 252 379 105 42 418 336 143 371 110 59 438 163 153 16 248 446 482 327 428 81 245 319 47 403 474 384 215 420 95 80 211 156 303 270 233 463 455 78 323 364 21 152 411 286 145 361 272 121 28 407 343 58 213 417 301 241 120 382 30 92 473 165 250 125 312 220 404 502 434 11 109 315 376 50 484 217 210 135 380 139 462 394 62 433 449 334 349 15 268 2 351 176 186 232 496 385 136 421 183 338 29 189 25 284 476 5 472 321 282 488 224 69 18 207 185 6 328 83 287 247 299 140 88 84 422 86 102 348 461 475 445 452 341 36 278 66 350 391 24 477 262 381 481 177 34 61 205 194 330 402 342 479 440 308 389 118 206 9 160 448 214 459 435 172 98 3 161 266 497 491 77 443 26 492 162 196 45 429 326 355 166 49 365 209 230 345 388 179 305 425 392 199 35 258 67 48 243 181 310 151 413 7 70 314 53 358 458 325 363 416 377 74 419 298 288 395 498 108 96 447 235 333 239 306 480 129 302 432 195 339 134 294 144 23 128 450 316 37 212 359 368 386 408 94 451 469 54 51 260 275 100 360 159 56 387 486 123 453 280 76 158 439 106 142 347 154 273 221 
ofv: 18.718597
Best time: 15.893
Total time:17.118 


Instance: /OVRP/500p5v.ovrp
Method: RKO
Sol: 2 156 19 267 457 423 465 235 106 280 202 97 82 70 482 244 403 88 420 354 57 481 407 338 276 472 376 71 226 498 456 372 176 200 387 490 182 464 351 255 53 317 355 63 207 196 332 384 501 397 145 163 398 245 380 308 68 385 334 287 138 10 164 348 93 277 262 293 189 126 320 150 340 191 286 478 27 190 35 62 279 437 218 381 344 375 295 404 369 122 467 81 468 455 142 208 297 271 324 133 180 416 471 146 421 12 24 220 172 233 319 309 443 123 436 347 21 121 283 181 424 162 103 256 84 322 129 492 240 502 41 269 40 393 459 26 356 159 74 268 329 206 306 469 175 251 107 373 112 300 499 435 108 223 463 304 131 454 213 333 77 305 158 272 116 239 357 115 195 318 411 139 474 16 193 361 370 212 294 328 487 143 76 161 497 117 20 486 266 210 418 330 346 504 165 110 252 127 475 1 224 157 273 325 124 3 298 359 264 383 86 183 312 450 60 215 442 350 36 402 429 166 128 95 192 313 241 87 28 37 69 260 460 194 75 151 59 285 229 113 488 136 134 50 493 339 377 51 250 18 155 314 401 290 412 91 152 342 203 399 154 495 205 365 408 296 396 321 494 125 197 248 335 179 444 204 253 85 430 83 445 99 169 64 462 238 379 389 130 452 135 187 8 58 221 327 30 409 119 104 394 307 419 242 345 67 289 301 503 0 448 222 406 367 211 496 395 25 362 102 65 405 249 441 44 265 254 9 316 55 4 153 199 315 473 414 209 336 451 56 198 17 96 6 234 477 447 349 14 217 364 291 446 80 33 311 247 310 371 66 374 341 132 5 92 170 167 46 171 258 390 184 54 491 439 483 246 120 173 178 353 422 38 343 144 160 428 78 282 425 89 432 433 270 225 214 431 47 292 284 458 358 426 15 417 73 228 386 476 49 391 434 231 275 479 257 118 236 337 148 61 227 48 168 366 302 137 39 388 410 141 453 52 378 43 111 13 177 232 331 392 90 11 352 188 22 79 484 360 94 32 72 470 100 201 140 109 263 219 382 323 7 31 149 114 185 299 261 259 438 326 400 29 34 216 427 461 174 466 415 243 281 480 45 368 303 237 449 98 485 278 500 440 363 147 274 105 230 489 42 186 23 101 413 288 
ofv: 19.304138
Best time: 18.211
Total time:18.838 


Instance: /OVRP/100p1v.ovrp
Method: RKO
Sol: 0 14 57 65 33 46 62 95 82 86 74 99 7 22 36 37 10 18 83 63 24 79 60 75 56 25 30 84 100 96 40 53 77 94 42 68 5 59 51 28 90 88 50 41 32 91 1 17 26 70 81 39 49 52 48 45 61 67 6 85 80 64 34 93 78 66 73 2 15 29 76 16 87 98 21 72 38 9 47 44 20 8 97 19 54 4 71 55 89 58 43 35 31 3 23 27 12 11 69 13 92 
ofv: 2.861613
Best time: 42.992
Total time:100.174 


Instance: /OVRP/100p3v.ovrp
Method: RKO
Sol: 2 66 82 39 38 24 9 101 76 88 84 0 16 59 19 67 35 28 72 83 41 57 91 60 45 37 33 5 25 29 14 13 71 15 94 18 100 54 51 23 74 40 73 6 56 21 11 99 10 22 46 49 1 89 78 31 17 4 87 12 20 85 65 97 64 48 3 93 34 42 55 79 96 44 70 7 61 53 30 92 90 52 43 98 102 86 32 27 58 77 62 81 26 50 47 63 69 8 75 68 36 95 80 
ofv: 2.818284
Best time: 13.586
Total time:100.350 


Instance: /OVRP/100p5v.ovrp
Method: RKO
Sol: 2 68 84 40 26 41 14 71 65 49 87 67 28 64 50 95 45 54 92 3 82 97 38 70 0 18 61 21 5 36 100 104 34 29 60 66 88 44 57 81 98 46 72 9 63 55 32 94 4 1 91 20 102 53 43 85 74 42 76 25 56 52 22 11 103 78 90 86 99 79 83 30 37 69 51 48 24 12 101 13 23 58 8 75 59 93 62 47 39 35 7 27 31 16 15 73 17 96 80 33 19 6 10 89 77 
ofv: 2.801691
Best time: 63.447
Total time:100.636 


Instance: /OVRP/300p1v.ovrp
Method: RKO
Sol: 0 218 101 223 254 17 159 177 115 200 62 165 95 241 63 285 136 112 263 295 110 145 221 280 224 215 52 292 46 272 32 53 233 41 91 124 1 279 117 296 264 33 256 207 216 8 173 9 228 151 90 51 59 203 192 5 68 28 123 248 106 167 162 180 50 88 171 166 163 94 291 77 247 277 214 100 96 197 175 128 81 70 249 38 206 71 120 131 183 4 54 229 72 21 157 262 298 189 3 23 282 187 27 12 160 76 113 109 98 24 211 212 30 25 149 238 56 188 83 18 138 245 297 267 61 45 258 273 48 243 79 60 132 26 65 164 44 270 143 284 20 226 97 150 139 199 281 58 194 13 92 29 15 2 222 185 10 37 265 36 252 253 227 237 7 278 242 232 193 244 240 130 144 141 286 42 274 250 118 261 103 239 40 299 170 84 275 195 75 121 114 86 74 99 156 179 82 158 104 260 204 293 289 116 155 22 271 219 294 140 300 127 34 93 78 209 66 85 67 259 105 251 49 142 39 234 168 190 119 108 57 202 161 14 246 47 107 201 19 217 269 153 220 126 55 89 148 225 137 213 255 169 122 230 134 236 196 172 73 102 268 154 231 146 181 266 11 69 288 208 133 210 31 186 135 35 43 191 290 111 182 147 235 205 129 87 176 16 178 287 257 6 184 80 283 125 198 276 64 174 152 
ofv: 7.120578
Best time: 96.890
Total time:104.885 


Instance: /OVRP/300p3v.ovrp
Method: RKO
Sol: 2 66 285 257 291 295 50 54 41 236 170 203 152 21 219 56 6 271 155 128 113 201 207 111 51 144 23 141 208 185 133 73 122 222 237 131 89 227 150 180 69 224 87 8 238 136 127 200 278 68 302 129 36 211 95 80 0 103 46 272 145 286 22 218 10 228 99 109 175 11 28 130 242 246 97 243 234 116 244 88 76 262 255 267 124 171 187 118 140 85 138 287 65 123 26 245 294 83 40 231 149 184 57 283 91 217 226 162 289 261 107 260 275 299 206 157 24 221 273 239 20 247 269 215 18 178 115 63 47 195 64 235 249 79 1 300 290 14 29 189 284 25 5 188 33 137 37 45 264 159 72 251 35 266 298 59 110 67 258 209 230 121 192 74 100 253 139 78 31 17 114 259 4 265 297 183 268 94 196 60 193 292 210 135 212 191 71 15 282 13 223 147 112 148 233 156 270 104 75 174 198 232 82 186 39 12 9 280 101 229 254 38 176 142 154 296 106 158 181 160 84 167 190 58 213 240 151 27 32 214 277 177 199 98 55 279 241 105 263 293 43 93 126 161 119 281 19 49 166 225 220 248 153 163 16 204 256 143 288 169 168 165 96 252 120 7 194 205 61 53 70 30 92 250 164 274 202 197 146 132 77 62 81 134 48 117 179 3 182 52 34 102 86 172 301 216 42 90 173 108 125 276 44 
ofv: 6.731375
Best time: 103.059
Total time:103.571 


Instance: /OVRP/300p5v.ovrp
Method: RKO
Sol: 1 263 217 208 159 120 293 297 271 109 117 180 91 203 224 157 273 124 75 135 187 8 58 221 172 194 123 37 268 300 21 283 218 44 303 174 88 104 279 50 132 76 25 161 209 133 266 93 62 198 212 137 214 139 35 190 7 27 286 191 31 16 15 225 149 114 185 270 96 164 80 141 20 102 36 237 251 81 295 98 167 110 252 155 165 18 24 220 12 230 101 111 205 154 23 42 233 143 113 255 116 261 10 138 234 84 126 173 189 259 89 240 200 106 272 158 235 150 299 33 19 267 6 226 71 301 249 142 11 282 78 103 160 162 153 29 34 216 242 215 60 192 169 99 118 90 14 70 213 82 97 38 131 304 68 287 188 41 269 40 256 26 275 264 108 183 86 246 236 199 119 181 163 121 290 166 184 54 45 92 175 170 171 69 260 13 177 211 51 168 227 105 48 288 147 274 222 30 136 247 140 49 65 291 182 219 302 285 59 115 239 186 130 3 144 223 298 156 178 280 202 129 176 77 0 112 61 258 145 5 128 95 276 100 201 179 66 244 248 245 197 79 134 148 204 57 281 243 107 265 46 278 127 72 9 254 122 4 2 257 231 241 22 87 289 67 125 28 83 64 296 253 74 85 43 146 53 56 52 277 262 229 152 228 17 284 73 292 193 39 47 195 294 151 210 238 232 250 206 94 32 55 63 207 196 
ofv: 6.910876
Best time: 99.021
Total time:104.325 


Instance: /OVRP/500p1v.ovrp
Method: RKO
Sol: 0 402 500 362 217 54 385 126 448 410 191 298 194 224 160 76 178 45 372 136 121 441 62 275 364 477 481 42 274 466 123 106 356 343 207 9 201 361 326 323 107 173 373 228 256 456 335 26 46 431 130 333 75 267 320 259 287 460 49 142 391 492 72 157 493 225 148 344 89 262 205 21 313 306 415 212 303 390 346 200 195 144 370 79 24 63 260 475 271 219 355 152 349 34 339 93 78 209 450 329 66 125 122 169 255 185 322 116 430 7 379 424 74 278 18 387 138 245 297 490 109 147 269 131 4 183 315 307 285 451 114 95 165 188 240 243 52 408 139 235 182 353 483 111 311 469 314 210 3 23 474 282 187 27 319 354 454 221 181 295 453 419 428 102 67 213 421 85 236 498 134 488 276 174 459 345 140 294 455 104 149 239 400 118 365 261 171 88 141 386 296 234 38 229 206 321 153 120 71 358 98 467 449 61 222 383 196 172 494 434 204 499 399 100 299 334 403 41 476 17 264 495 249 292 331 56 238 25 30 423 457 433 170 84 479 309 420 86 242 447 489 33 65 369 436 14 161 359 143 284 409 20 485 150 395 19 375 220 290 427 208 366 384 280 13 92 263 486 360 105 117 279 398 351 180 50 32 435 438 211 341 394 128 417 97 226 216 8 47 164 101 223 218 444 397 445 371 250 380 328 192 203 59 5 463 77 247 446 308 352 389 348 473 443 127 418 300 478 198 318 37 265 184 381 64 330 304 283 230 6 257 2 112 442 29 15 266 110 145 422 12 413 251 258 273 48 392 337 132 468 440 272 91 124 1 159 405 388 81 70 305 404 439 458 119 327 432 363 151 310 393 167 465 302 254 325 480 108 57 286 425 162 487 175 367 82 99 227 253 252 10 316 268 429 146 336 11 69 406 378 215 176 113 412 87 129 338 324 58 43 133 35 407 135 31 186 470 189 357 288 382 472 401 293 289 396 155 237 156 179 411 40 416 214 464 96 197 426 374 317 484 332 115 177 53 103 377 340 291 94 163 166 496 202 246 270 44 342 491 414 168 190 39 60 244 193 241 232 83 347 16 137 482 281 55 199 248 471 90 28 51 312 68 497 233 277 350 462 158 437 22 36 376 80 368 452 73 301 154 231 461 
ofv: 13.143226
Best time: 110.083
Total time:110.083 


Instance: /OVRP/500p3v.ovrp
Method: RKO
Sol: 1 495 144 54 51 197 202 177 348 102 86 459 305 417 240 160 181 439 221 357 296 351 176 278 200 480 475 445 129 420 452 302 127 370 490 136 362 289 193 292 326 412 450 128 222 271 133 323 208 231 40 406 491 266 256 304 467 399 353 400 427 489 126 294 334 486 394 26 123 65 453 239 229 255 24 354 457 36 341 95 80 211 454 198 385 17 94 15 282 408 45 316 471 313 122 73 149 264 226 268 147 223 13 14 191 212 37 429 60 57 113 184 355 155 219 170 397 152 344 109 11 130 449 77 443 242 335 308 32 27 151 448 158 426 381 47 403 384 290 386 359 472 188 33 137 409 135 210 469 260 374 138 85 280 9 20 389 116 97 440 466 274 470 19 497 35 100 253 217 380 162 78 224 171 82 306 66 461 347 142 273 106 310 481 172 366 405 336 43 52 182 478 90 173 447 373 293 44 153 361 272 46 2 154 186 378 324 269 107 462 178 89 283 91 18 349 261 69 259 4 430 421 455 265 31 444 111 360 159 23 41 179 3 407 393 131 300 189 284 476 25 5 321 456 415 71 139 180 488 104 270 303 156 431 233 148 463 297 183 112 338 29 356 424 368 196 346 494 281 164 483 367 120 330 382 465 499 468 276 125 110 482 28 50 275 492 72 419 121 244 88 101 262 477 254 12 398 501 299 287 83 251 460 236 307 315 245 140 247 206 187 124 232 320 68 331 0 438 92 30 53 163 16 365 49 502 375 175 390 134 195 243 234 311 422 84 76 432 157 118 436 423 215 322 63 319 376 309 246 167 190 333 343 58 213 214 425 401 277 442 437 98 34 93 404 166 22 218 10 487 325 410 414 115 227 150 207 141 317 364 21 493 203 416 337 67 434 298 388 327 345 209 230 329 192 185 6 56 387 377 328 363 99 228 411 286 145 103 225 220 446 248 204 312 358 108 165 96 249 279 352 216 301 435 392 369 64 396 62 81 428 339 372 132 146 433 48 161 119 143 288 395 498 473 250 168 55 464 413 42 418 241 105 379 342 70 314 61 205 194 7 252 79 235 479 199 117 74 237 485 201 340 484 114 8 500 238 87 257 295 291 39 267 38 391 350 383 332 285 496 318 75 174 474 451 441 458 258 371 59 169 263 402 
ofv: 13.351379
Best time: 94.294
Total time:111.493 


Instance: /OVRP/500p5v.ovrp
Method: RKO
Sol: 1 39 411 35 190 474 139 137 348 416 255 277 52 321 113 102 133 209 161 317 336 134 148 179 100 468 415 44 420 243 281 218 466 303 450 312 441 264 479 257 231 256 269 14 326 438 425 293 297 217 271 324 49 405 65 476 386 464 141 20 180 91 285 414 59 115 357 186 239 42 462 194 13 377 436 504 51 12 220 230 111 346 489 101 413 24 177 74 488 378 471 164 17 73 417 15 458 426 16 214 318 473 130 157 273 325 224 487 219 423 432 291 262 376 140 311 396 341 435 50 163 121 283 21 484 300 499 296 301 503 120 189 234 202 482 304 131 447 477 349 144 298 359 223 275 108 162 424 183 160 103 78 282 241 434 159 41 380 188 68 280 70 333 320 77 158 235 465 457 96 117 76 238 172 330 327 365 205 367 360 110 500 306 329 69 260 339 30 421 443 379 389 135 452 315 294 93 152 486 80 364 263 109 0 448 112 347 211 232 123 43 146 53 56 85 253 493 268 390 355 170 375 295 344 2 40 249 142 87 136 460 331 406 250 440 469 401 397 171 18 206 373 61 37 132 451 430 64 244 192 483 60 153 29 34 242 307 394 104 350 201 472 119 181 444 439 276 5 409 143 203 328 195 62 431 47 212 370 388 361 193 7 27 286 478 210 418 48 274 288 147 363 222 258 145 128 95 310 215 345 335 99 197 233 319 75 124 151 289 67 118 86 383 428 11 22 391 455 236 245 248 374 392 495 154 399 23 366 221 58 8 187 342 266 302 198 292 270 305 454 213 82 97 343 38 422 4 122 369 404 107 381 265 254 384 332 467 501 470 278 475 252 127 46 485 167 98 481 407 338 36 204 199 337 79 445 125 28 398 251 81 449 3 463 178 353 156 400 208 90 246 169 313 491 429 402 184 54 166 290 227 105 168 408 496 395 25 362 453 71 226 240 502 492 372 129 322 334 308 84 26 356 459 393 352 385 287 456 498 200 138 10 387 176 106 272 6 261 89 126 173 259 116 267 19 33 446 490 182 494 371 403 174 437 461 427 216 419 442 88 57 354 237 92 175 480 45 368 279 66 83 247 351 382 228 410 284 225 149 185 299 433 150 114 340 31 191 323 358 229 497 412 309 165 155 314 94 9 196 207 63 316 55 32 72 
ofv: 13.171562
Best time: 111.588
Total time:111.589 


Instance: /OVRP/100p1v.ovrp
Method: RKO
Sol: 0 84 72 67 47 61 65 91 15 62 82 90 18 28 85 13 23 5 68 43 55 9 29 24 31 42 19 11 60 45 54 46 36 26 1 21 14 76 87 40 93 2 96 33 41 48 71 100 79 58 10 63 95 81 30 69 57 74 8 50 94 34 39 51 59 3 6 53 32 86 80 97 4 66 77 88 22 25 35 7 98 92 49 64 38 17 37 56 16 12 75 52 73 99 89 83 27 44 20 70 78 
ofv: 37.337879
Best time: 2.275
Total time:100.143 


Instance: /OVRP/100p3v.ovrp
Method: RKO
Sol: 2 18 1 87 45 35 25 11 49 92 31 66 20 84 74 63 69 15 7 57 30 28 82 77 41 70 78 16 62 26 0 48 67 83 56 91 51 38 42 94 23 13 9 86 17 44 61 71 95 50 43 81 10 27 73 34 68 98 96 24 12 5 37 97 79 53 8 64 88 52 59 99 60 102 3 6 93 47 65 36 55 90 4 40 75 54 32 22 39 19 100 76 85 29 72 33 80 46 14 58 101 21 89 
ofv: 37.337879
Best time: 2.988
Total time:100.300 


Instance: /OVRP/100p5v.ovrp
Method: RKO
Sol: 3 4 102 0 72 43 80 96 27 26 94 53 76 28 19 89 59 2 65 67 51 17 47 12 69 6 9 45 15 46 93 23 33 25 58 64 44 88 22 18 91 11 40 50 71 32 84 100 66 63 85 7 54 75 73 81 101 61 29 62 55 57 70 37 78 99 92 104 97 30 83 8 38 10 39 14 90 36 52 98 5 13 1 49 79 16 74 21 41 31 20 77 42 34 103 56 68 24 87 60 35 82 86 95 48 
ofv: 37.337879
Best time: 4.372
Total time:100.253 


Instance: /OVRP/300p1v.ovrp
Method: RKO
Sol: 0 192 261 23 5 277 216 176 218 187 161 72 59 11 113 196 181 65 147 298 264 108 105 162 21 233 254 195 201 184 169 110 146 213 28 41 179 76 194 61 159 244 204 25 173 281 69 100 158 228 26 32 220 35 210 247 71 198 288 145 58 267 297 174 157 34 296 49 200 260 186 238 282 292 97 22 283 248 243 95 129 79 94 223 88 205 138 153 106 197 177 83 150 139 117 199 265 295 78 60 52 131 214 12 170 284 203 24 70 17 274 257 266 116 1 193 66 75 84 20 250 68 103 252 136 42 44 286 74 27 253 226 85 45 182 7 56 46 270 229 8 269 16 143 80 73 141 40 62 99 175 289 148 191 299 188 237 134 112 242 211 164 290 126 135 33 63 31 91 102 221 230 241 87 273 127 276 178 294 142 280 262 90 67 166 231 154 209 222 300 120 259 111 189 225 240 114 156 125 39 37 275 219 119 86 77 48 47 171 268 245 4 232 14 291 43 81 124 13 212 180 149 89 293 140 19 82 224 251 29 172 96 38 107 15 206 202 50 207 168 121 272 137 98 115 92 278 155 236 109 118 93 3 133 10 271 258 2 160 152 246 144 217 128 9 57 285 130 183 64 163 279 54 234 227 104 101 255 53 122 30 165 287 132 123 51 6 263 36 208 235 185 190 167 55 239 249 151 215 18 256 
ofv: 113.429697
Best time: 83.018
Total time:103.658 


Instance: /OVRP/300p3v.ovrp
Method: RKO
Sol: 2 49 1 258 78 115 13 145 283 131 161 24 221 34 250 188 286 159 0 196 160 300 235 7 181 61 239 60 107 74 82 256 275 148 197 285 63 176 179 194 298 23 215 249 246 262 164 3 37 28 178 129 112 279 240 30 96 280 81 198 206 186 73 92 245 27 52 183 171 71 212 292 147 102 25 222 284 43 110 231 97 200 294 230 90 76 68 299 47 36 170 291 272 167 216 166 46 223 86 17 84 54 199 140 297 14 259 80 119 75 58 101 276 48 99 192 155 87 237 10 255 26 62 9 247 118 133 138 254 128 269 267 205 105 141 21 252 70 202 136 213 72 152 65 108 189 22 149 184 44 177 93 150 104 53 19 143 238 69 301 135 66 42 271 114 208 207 51 172 85 228 175 248 29 33 113 201 243 162 287 163 193 67 137 11 204 94 209 20 55 233 134 153 270 77 191 242 203 117 253 165 103 15 127 190 126 265 100 106 195 257 57 123 295 229 91 218 214 281 4 31 12 168 35 241 234 142 268 278 260 18 263 41 182 154 277 266 38 88 56 173 157 224 98 219 288 217 158 282 226 289 210 274 293 227 83 16 120 95 64 232 121 45 125 211 244 32 132 302 185 39 59 79 40 273 169 296 251 146 5 124 261 109 122 6 139 236 116 130 151 220 8 174 187 156 225 144 111 290 50 89 264 180 
ofv: 113.429697
Best time: 46.769
Total time:103.841 


Instance: /OVRP/300p5v.ovrp
Method: RKO
Sol: 2 36 165 51 37 162 288 69 277 163 258 237 281 300 67 3 220 161 80 9 180 151 302 63 114 205 147 15 183 25 251 84 29 150 296 45 208 5 65 217 248 245 286 109 185 137 271 287 62 26 32 247 301 290 98 214 240 76 188 30 242 190 224 274 264 39 173 73 202 149 166 133 83 252 232 99 178 254 104 75 285 177 112 12 145 138 294 209 101 107 226 227 71 87 81 266 249 4 82 23 261 70 38 121 215 186 278 157 122 257 303 230 299 233 201 130 152 60 207 48 106 103 168 91 179 269 218 116 154 56 79 191 50 92 225 49 204 256 21 135 246 143 174 16 142 115 222 74 164 28 46 292 44 167 88 200 86 89 72 140 241 160 77 273 24 181 120 213 6 43 94 298 263 27 95 182 136 58 64 304 260 90 199 282 262 42 231 119 11 235 284 206 53 144 111 239 139 276 255 124 102 66 187 52 176 125 54 223 195 1 192 268 267 253 221 159 97 33 35 280 85 0 57 197 110 47 20 293 295 146 172 148 243 283 210 117 141 229 153 291 265 216 189 196 171 193 123 244 175 40 211 7 34 128 118 59 8 156 297 155 275 234 194 55 61 169 184 228 132 212 13 203 170 131 219 93 22 17 236 259 289 134 10 96 19 113 279 31 18 105 127 272 78 14 198 126 129 250 41 68 108 238 100 158 270 
ofv: 113.429697
Best time: 55.394
Total time:103.271 


Instance: /OVRP/500p1v.ovrp
Method: RKO
Sol: 0 74 409 432 228 213 244 58 434 368 392 45 362 243 162 113 283 254 41 139 393 302 333 156 165 425 62 204 370 288 292 475 40 198 114 161 192 457 318 322 464 449 69 194 418 444 273 5 211 238 200 496 79 49 7 465 480 71 290 403 431 184 191 397 11 76 84 436 210 350 35 51 371 248 336 150 297 419 222 479 95 309 326 260 1 308 6 68 174 112 401 242 75 270 491 209 46 380 203 474 111 494 259 366 443 117 374 118 325 31 395 477 87 42 253 406 486 500 182 269 15 390 64 416 24 347 265 394 128 410 456 396 252 134 331 148 319 447 88 339 407 138 278 50 116 206 274 489 385 294 351 59 160 483 379 89 328 135 348 223 164 442 485 310 85 220 286 414 234 303 363 427 287 236 16 63 440 398 246 411 487 55 499 466 10 67 125 439 30 166 152 121 18 26 178 208 144 311 354 446 497 426 488 280 4 453 399 381 77 151 188 306 249 82 219 57 263 405 122 232 13 132 81 321 98 314 225 199 357 266 167 22 429 193 327 231 107 344 137 36 14 262 140 251 154 459 106 172 92 484 441 304 155 305 404 215 124 279 60 93 27 212 91 361 498 428 376 258 33 190 421 473 109 338 402 382 289 101 272 19 437 53 86 458 43 462 373 163 490 316 433 133 169 241 180 240 276 423 115 317 470 324 29 275 388 233 293 365 342 332 104 271 420 235 239 468 123 346 334 430 202 291 185 300 460 38 171 493 384 2 378 349 230 9 96 438 471 3 467 340 345 255 387 173 48 207 189 412 127 298 28 195 478 73 34 129 103 39 181 224 455 187 201 175 372 17 413 323 136 65 142 20 214 153 400 472 196 282 369 481 408 386 83 495 99 476 130 168 25 277 147 375 80 307 422 179 315 237 364 284 141 454 110 47 492 149 105 329 377 301 261 61 21 56 296 268 312 102 448 356 143 469 341 389 145 44 320 12 330 78 359 32 267 247 257 450 108 23 391 90 216 126 176 197 452 435 8 158 264 337 227 245 285 157 159 415 424 97 70 183 417 352 482 119 299 353 217 205 52 445 131 313 367 229 72 451 94 66 355 281 461 295 37 120 226 256 335 146 186 250 360 177 358 54 463 100 170 218 343 221 383 
ofv: 183.538485
Best time: 67.076
Total time:110.206 


Instance: /OVRP/500p3v.ovrp
Method: RKO
Sol: 0 299 372 184 272 320 78 24 152 458 276 246 202 40 496 491 81 163 310 501 215 176 235 420 206 411 97 493 13 399 400 171 245 167 64 403 311 1 42 194 69 175 278 126 373 466 79 405 294 415 436 250 136 7 99 73 488 9 262 342 164 467 212 37 120 434 200 291 304 364 230 423 222 102 438 88 256 499 397 481 239 156 60 87 271 213 326 123 162 344 353 487 254 324 412 66 465 266 485 90 240 2 208 396 490 113 368 451 408 350 91 150 18 140 445 341 53 26 286 349 327 205 333 292 141 479 119 370 492 387 166 328 296 381 375 305 469 476 421 261 124 48 443 237 285 495 114 12 86 394 248 268 356 428 433 192 267 335 47 118 418 44 158 255 3 321 338 70 244 318 236 130 404 449 367 39 346 460 287 275 329 83 8 247 316 398 376 295 232 242 186 351 106 132 127 264 448 414 187 20 121 35 111 336 416 500 383 225 214 71 169 45 502 464 211 16 430 389 50 277 195 340 33 348 219 378 462 243 257 229 260 185 17 168 461 274 204 386 182 117 233 201 442 282 382 312 62 31 125 103 77 470 151 425 43 4 482 196 142 29 59 122 253 293 193 144 280 270 472 475 38 51 455 234 146 224 93 6 116 135 154 5 498 238 251 173 392 84 76 371 108 468 323 179 359 441 65 252 302 477 406 365 313 380 153 98 409 395 174 165 21 57 95 180 440 137 109 273 100 15 390 56 306 217 52 347 55 473 139 432 89 265 210 281 486 32 429 334 446 431 308 422 407 28 157 307 226 227 413 401 435 439 11 61 290 369 160 358 452 427 107 284 459 74 155 355 330 259 447 384 54 178 444 172 478 283 96 317 27 191 183 128 249 417 258 63 112 303 454 388 190 80 314 105 216 218 49 379 82 332 289 325 456 161 207 159 360 23 104 14 34 36 300 241 134 361 279 322 231 198 297 30 301 177 148 494 337 331 288 339 209 298 483 189 115 424 75 269 450 92 393 480 143 94 41 228 352 68 374 345 67 10 181 199 101 453 147 463 457 25 362 131 410 484 377 58 319 19 46 343 72 223 170 149 391 357 471 489 129 188 133 402 497 110 197 263 309 366 426 85 138 203 315 419 145 354 220 221 385 363 474 437 22 
ofv: 183.538485
Best time: 44.349
Total time:112.676 


Instance: /OVRP/500p5v.ovrp
Method: RKO
Sol: 3 75 394 366 301 269 287 293 322 99 479 226 192 39 30 92 329 451 401 296 258 337 0 445 50 374 487 5 71 423 120 402 383 204 481 310 104 214 45 196 195 26 248 63 116 4 354 178 370 188 355 252 172 67 173 502 493 416 208 399 469 37 413 277 290 440 232 375 238 294 166 80 264 326 438 224 247 461 237 422 83 344 181 280 14 158 138 15 73 430 217 313 483 9 142 460 332 407 19 210 495 122 143 389 88 377 467 397 405 66 312 53 64 28 435 152 453 184 323 352 270 489 273 215 263 278 154 306 89 137 186 223 343 91 490 207 49 72 396 168 167 42 468 433 447 342 164 54 256 125 169 46 400 410 121 44 504 254 478 268 234 367 471 274 348 336 320 492 282 250 43 257 446 115 62 457 444 255 86 331 314 406 442 236 243 59 212 123 380 33 31 501 118 318 350 325 448 35 160 420 203 431 18 194 415 288 474 340 68 22 388 175 346 382 124 330 338 8 241 462 23 47 132 126 93 384 488 272 144 20 432 503 34 464 231 289 239 129 127 411 295 321 450 484 309 279 240 425 369 291 262 111 146 283 372 398 249 102 418 245 55 349 443 267 361 284 79 403 165 500 213 171 417 386 246 235 297 253 206 134 429 466 2 275 155 81 298 128 385 7 408 105 463 358 139 472 57 391 61 198 119 491 40 409 85 182 177 470 113 353 90 307 494 328 227 315 170 153 308 110 434 108 229 437 276 17 11 197 176 141 136 304 373 97 6 159 219 475 335 216 100 78 392 187 414 242 292 498 378 311 303 156 426 347 103 421 365 477 190 109 193 333 496 476 459 29 225 395 211 147 351 51 458 404 56 381 265 480 441 114 218 163 32 52 419 189 455 151 261 357 191 371 473 24 76 302 497 230 339 205 157 260 27 259 356 180 48 162 13 456 362 482 271 16 228 222 281 368 117 148 454 38 101 179 131 299 360 65 174 82 185 305 221 427 334 77 25 107 135 183 452 233 317 424 10 145 36 449 209 341 393 486 140 21 316 69 202 161 327 199 324 200 70 439 285 60 465 41 363 106 12 130 87 319 359 266 436 95 150 379 74 112 364 244 1 98 58 251 390 412 428 201 220 286 300 485 376 149 96 133 94 84 499 387 345 
ofv: 183.538485
Best time: 48.413
Total time:109.310 


Instance: /OVRP/100p1v.ovrp
Method: RKO
Sol: 0 14 57 47 44 20 8 97 9 19 54 4 71 55 69 11 12 27 23 3 31 35 43 58 89 87 16 76 13 92 29 15 2 73 66 78 93 34 64 80 85 6 67 61 45 98 39 81 70 46 62 75 60 79 24 63 95 56 30 25 82 86 74 99 7 22 36 37 10 18 83 48 52 49 21 72 38 26 33 65 17 1 91 32 41 50 88 90 28 51 59 5 68 42 94 77 53 40 84 100 96 
ofv: 20.127410
Best time: 37.908
Total time:100.201 


Instance: /OVRP/100p3v.ovrp
Method: RKO
Sol: 2 66 36 95 80 68 75 8 69 63 47 50 100 54 51 23 74 40 41 72 83 81 26 62 77 64 48 28 35 67 19 59 16 92 30 53 61 7 70 44 96 79 90 52 43 55 42 34 93 3 98 102 86 32 27 58 0 49 46 22 10 99 11 21 56 6 73 57 91 60 45 37 33 5 25 29 1 89 18 78 15 71 14 13 94 31 17 4 87 82 38 24 39 12 20 85 65 97 84 88 76 101 9 
ofv: 20.036098
Best time: 100.428
Total time:100.744 


Instance: /OVRP/100p5v.ovrp
Method: RKO
Sol: 2 68 84 41 40 26 4 3 82 97 38 70 77 10 89 71 14 22 11 103 78 90 86 99 67 87 49 65 1 93 62 47 39 35 7 27 31 16 15 73 17 96 80 33 19 6 0 18 94 32 55 63 9 72 46 98 81 92 54 45 57 44 88 66 50 79 64 83 28 52 56 53 43 85 74 58 8 75 59 91 20 102 25 76 42 23 13 101 12 24 48 51 61 69 37 30 21 5 95 36 100 104 34 29 60 
ofv: 20.028511
Best time: 87.905
Total time:100.296 


Instance: /OVRP/300p1v.ovrp
Method: RKO
Sol: 0 216 226 97 150 19 217 168 201 107 173 228 207 256 108 57 246 151 161 14 202 254 17 279 117 159 132 79 285 45 213 67 222 255 116 204 245 138 83 136 48 52 39 81 26 141 286 167 166 94 163 42 274 123 106 248 90 28 68 51 59 203 192 5 250 118 261 291 77 233 96 197 195 144 63 297 289 293 267 259 105 61 16 113 176 87 225 148 215 224 194 208 133 210 135 23 282 187 27 295 6 236 134 230 283 64 174 184 80 36 252 227 237 7 278 74 86 232 121 24 243 49 142 21 157 182 126 111 199 205 129 262 137 178 287 112 257 2 102 268 154 263 15 29 76 251 109 98 292 115 177 1 124 91 162 180 50 171 88 41 32 272 175 211 56 188 165 95 114 18 155 10 37 265 22 253 260 156 82 242 241 193 244 240 130 46 264 296 33 65 234 206 235 55 290 191 58 43 35 189 12 11 266 181 110 145 221 31 186 3 146 231 73 172 196 85 169 122 185 99 179 238 170 299 40 239 103 247 277 53 214 84 100 62 75 60 273 258 160 92 13 280 69 288 298 89 281 229 38 190 9 8 20 284 143 270 44 101 223 218 164 47 119 54 4 183 131 71 120 269 153 220 147 139 72 70 249 128 200 275 212 30 25 149 158 104 271 219 294 152 140 300 127 34 93 78 209 66 276 198 125 
ofv: 60.178060
Best time: 97.714
Total time:103.168 


Instance: /OVRP/300p3v.ovrp
Method: RKO
Sol: 1 162 31 17 114 69 291 206 140 190 58 214 43 52 182 143 203 152 21 219 56 6 122 73 115 18 63 47 138 287 26 245 81 62 130 28 266 298 35 67 258 121 170 185 133 271 155 222 128 139 224 87 136 127 200 302 129 36 95 80 211 68 278 186 82 12 157 88 244 97 167 242 64 197 146 132 294 144 51 54 50 275 260 247 299 295 215 269 107 253 100 111 40 231 208 149 201 207 131 227 150 91 283 57 292 193 60 300 196 45 2 154 142 176 66 285 232 238 8 259 4 265 94 15 282 223 147 29 33 188 5 25 284 189 112 156 270 75 174 124 39 267 254 38 296 221 273 24 239 9 280 76 101 229 255 262 106 158 181 84 160 151 27 32 240 213 202 117 179 3 281 119 19 161 48 134 77 123 243 234 116 20 118 187 257 171 198 104 233 148 297 183 268 13 71 290 14 191 210 135 37 212 137 0 173 90 235 279 55 42 216 34 93 126 274 199 177 277 246 195 65 85 261 289 180 78 226 217 178 89 264 113 184 237 141 159 23 74 41 83 72 251 236 192 109 11 175 230 209 49 166 169 168 249 79 293 96 165 44 276 7 70 30 125 250 108 163 16 204 248 110 59 256 288 164 98 102 86 172 301 241 105 263 252 120 194 205 61 53 92 153 220 225 103 46 272 145 286 22 218 10 228 99 
ofv: 60.079248
Best time: 102.149
Total time:102.302 


Instance: /OVRP/300p5v.ovrp
Method: RKO
Sol: 4 0 258 145 166 54 184 290 206 18 165 155 171 170 110 252 94 55 72 32 127 278 46 1 266 285 195 294 59 203 25 43 74 253 238 232 51 24 220 12 177 13 123 30 132 50 2 159 142 28 64 136 69 260 211 230 101 154 23 221 58 135 130 62 47 212 137 39 214 139 35 190 27 7 193 292 198 302 93 115 186 224 205 111 168 222 227 105 48 288 147 274 250 112 61 300 37 42 187 8 172 194 268 21 283 121 163 181 119 148 134 79 125 67 118 11 282 78 160 183 86 162 108 275 223 298 156 178 68 84 188 40 256 26 257 264 103 90 246 236 245 83 247 76 233 210 273 157 124 75 161 102 255 109 217 226 71 293 297 87 104 100 57 281 237 167 98 295 265 196 207 63 9 254 122 3 144 287 138 240 261 116 164 228 219 152 229 117 271 301 241 231 269 41 14 120 208 249 244 204 276 95 128 5 52 277 262 182 291 267 235 158 272 106 6 19 33 141 20 113 146 53 56 296 199 66 215 242 34 29 153 248 197 289 140 49 65 80 96 17 284 73 15 16 191 286 31 225 149 114 270 185 299 150 70 213 82 97 38 131 304 129 234 126 173 259 189 22 99 169 192 60 216 88 174 303 218 44 243 107 251 81 175 92 45 36 201 279 179 85 143 151 239 209 133 91 180 263 89 10 200 176 77 202 280 
ofv: 60.496798
Best time: 101.583
Total time:102.929 


Instance: /OVRP/500p1v.ovrp
Method: RKO
Sol: 0 402 47 363 500 432 207 373 173 107 9 8 216 20 202 123 466 497 463 328 5 68 143 284 409 228 327 256 128 132 426 243 79 60 75 114 242 82 179 156 424 379 86 309 479 331 188 165 232 451 245 499 434 421 213 105 472 490 467 98 109 412 176 215 378 224 366 210 35 427 43 58 191 89 148 225 129 262 281 324 290 208 357 12 422 319 23 3 189 142 249 325 141 162 476 398 425 487 96 197 440 200 195 337 45 401 61 52 39 81 70 492 391 157 493 72 305 458 439 404 332 285 430 80 330 198 329 66 276 64 304 387 138 307 273 251 347 460 382 360 112 486 29 295 181 336 27 282 474 187 354 145 110 221 454 11 266 442 287 259 320 267 204 155 227 260 253 22 352 455 355 219 271 294 140 152 389 36 122 169 2 146 429 231 268 488 368 318 125 452 102 461 87 235 147 342 164 444 302 286 180 233 477 239 416 40 411 464 272 124 1 388 205 194 384 288 160 137 16 358 484 374 317 293 289 383 196 172 73 316 494 134 255 237 7 278 74 99 158 308 446 420 95 193 244 438 390 100 346 175 405 26 119 201 361 326 414 323 190 417 370 341 56 211 159 17 279 117 386 264 489 495 468 306 238 149 25 30 415 212 423 303 457 433 299 247 77 103 377 340 445 88 403 334 130 392 178 76 92 13 280 69 413 406 258 333 62 399 84 170 462 214 277 350 53 364 91 177 115 38 229 182 353 126 220 120 71 65 480 57 108 171 371 291 261 400 365 250 118 380 192 203 59 312 436 369 343 168 375 183 153 448 469 314 31 186 470 135 407 133 298 344 482 113 449 136 83 63 240 367 275 435 32 41 50 241 18 396 116 185 322 37 265 10 297 24 441 121 252 381 348 184 376 372 48 49 21 408 315 206 385 19 395 150 485 97 226 44 270 359 101 223 218 246 90 471 51 28 248 356 310 151 161 14 465 397 167 393 496 106 274 42 481 94 163 166 351 254 234 321 269 131 4 54 217 362 491 456 335 296 33 139 111 311 410 55 483 199 338 313 292 447 46 431 144 394 437 104 475 349 443 300 418 339 34 478 283 230 498 236 6 85 222 67 257 15 263 453 419 428 154 301 450 209 78 93 127 473 459 345 174 
ofv: 98.281279
Best time: 105.668
Total time:107.866 


Instance: /OVRP/500p3v.ovrp
Method: RKO
Sol: 2 136 500 238 180 139 178 89 485 355 122 323 155 271 133 6 387 377 40 251 72 83 449 372 195 243 116 88 206 224 4 259 69 299 234 97 167 448 310 477 354 142 475 445 129 95 80 211 452 154 255 158 240 214 301 413 42 418 241 499 252 367 120 382 330 465 468 498 327 35 28 419 494 150 15 282 223 147 112 148 297 488 261 107 138 287 77 335 197 442 199 165 44 276 483 79 249 105 379 342 447 353 288 143 3 117 146 398 118 187 87 8 385 198 174 496 318 75 104 356 321 33 188 472 5 189 29 13 94 289 322 215 423 436 124 82 186 306 285 232 490 370 0 30 53 314 70 7 61 205 194 1 159 410 23 50 319 291 257 171 480 302 420 341 36 331 68 278 200 454 303 431 338 284 476 25 137 450 185 21 493 152 397 219 56 73 184 237 317 231 236 192 11 375 230 49 166 272 46 22 218 228 99 487 175 502 365 446 248 16 163 153 361 145 286 411 10 109 441 406 41 360 18 384 474 280 101 426 381 181 84 422 311 481 333 343 242 26 309 71 415 359 191 14 424 456 268 183 114 295 501 247 140 244 190 58 459 55 352 279 168 250 125 473 92 312 225 103 220 32 27 213 308 440 401 348 102 366 43 478 399 395 169 204 438 404 434 209 307 393 74 207 131 340 201 113 412 57 283 326 193 91 264 495 111 63 403 47 451 492 469 260 339 396 64 369 277 177 98 466 216 464 435 425 151 106 262 229 269 462 349 253 100 144 315 161 281 489 182 52 173 90 164 19 388 121 325 363 328 416 364 170 460 334 428 81 245 78 162 408 290 386 429 316 471 128 203 344 329 298 126 93 274 437 172 86 392 305 417 160 439 273 221 357 296 332 127 320 66 176 461 347 351 350 383 378 391 457 24 38 254 267 39 12 324 157 389 20 453 85 374 362 455 463 233 421 430 156 270 265 17 31 444 227 141 208 149 222 313 292 60 196 226 380 217 346 300 45 210 135 37 409 212 368 484 115 414 51 54 130 470 336 34 179 132 134 394 376 275 486 119 304 467 358 108 96 373 293 263 402 235 479 405 202 433 48 407 266 497 67 345 258 458 337 390 294 62 443 123 65 432 239 9 76 246 491 482 371 110 59 256 427 400 
ofv: 98.340891
Best time: 106.718
Total time:108.894 


Instance: /OVRP/500p5v.ovrp
Method: RKO
Sol: 4 0 440 206 278 470 467 332 384 122 254 290 145 451 341 396 311 289 67 455 162 450 153 29 34 245 140 109 263 261 387 10 240 502 234 380 188 84 126 173 41 40 393 352 353 156 298 359 459 356 479 108 160 428 383 78 282 11 22 249 391 90 246 424 313 483 60 310 442 403 466 44 420 243 449 98 167 170 355 402 429 166 276 439 201 179 279 36 407 45 92 175 258 21 421 42 143 328 195 294 62 164 96 73 15 417 270 457 432 272 158 267 116 476 405 49 28 83 430 132 493 69 436 504 24 413 168 222 406 367 347 37 435 148 134 374 136 336 91 229 198 212 370 388 185 299 465 433 235 150 114 149 225 284 17 410 302 348 93 133 497 362 53 56 488 337 398 66 371 307 461 394 88 104 329 194 172 379 8 187 135 157 342 219 382 228 33 490 364 226 71 217 386 464 351 239 151 186 315 473 318 431 414 285 412 76 309 443 123 460 260 484 373 448 250 314 110 46 485 2 308 89 324 65 102 25 161 209 266 152 20 180 494 453 271 297 208 400 120 189 326 159 434 118 236 79 392 177 12 220 230 101 399 273 325 124 75 224 487 203 416 471 262 277 321 247 445 197 248 99 244 472 119 181 171 360 397 401 54 480 184 306 274 363 147 288 48 105 227 51 489 154 221 58 389 366 23 418 238 462 408 43 378 231 257 26 477 447 482 202 456 423 340 31 191 286 478 27 7 139 411 39 137 47 59 115 357 452 130 210 319 233 496 253 74 85 50 204 174 218 354 57 64 80 292 361 193 16 426 458 358 323 190 474 35 214 141 117 113 317 409 469 500 252 127 32 72 55 316 63 207 196 9 1 486 446 305 498 129 322 280 68 3 97 82 213 454 343 38 422 131 304 333 70 223 275 264 103 86 192 335 345 215 242 419 427 368 237 251 481 491 95 128 5 283 121 163 300 390 268 499 339 331 377 232 211 112 61 18 165 155 94 475 501 369 404 265 295 375 338 468 216 312 144 349 463 178 385 334 287 372 492 259 142 87 125 81 344 381 107 281 415 303 437 350 100 444 296 255 182 291 19 6 200 106 77 320 176 138 241 441 183 169 199 30 13 111 346 495 205 365 327 330 395 146 52 376 301 503 14 256 269 438 425 293 
ofv: 98.284767
Best time: 105.867
Total time:109.163 


Instance: /OVRP/100p1v.ovrp
Method: RKO
Sol: 0 57 47 9 19 54 4 71 55 35 43 58 89 87 16 76 13 11 27 23 3 31 12 69 92 29 15 2 73 66 78 93 34 64 80 10 18 7 82 95 62 46 33 65 97 8 20 44 14 88 50 41 84 100 96 32 91 1 17 26 70 81 39 38 72 21 49 52 98 48 83 63 86 74 99 22 36 37 85 6 67 61 45 24 79 60 75 56 25 30 40 53 77 94 42 90 28 51 68 5 59 
ofv: 30.471672
Best time: 65.354
Total time:100.170 


Instance: /OVRP/100p3v.ovrp
Method: RKO
Sol: 0 16 90 52 43 42 55 79 96 44 92 30 53 70 7 61 1 89 51 54 41 83 72 28 48 64 77 62 81 26 50 100 18 78 15 71 14 13 94 31 63 47 85 65 20 12 82 66 36 95 80 68 75 8 87 39 38 24 9 101 76 88 84 97 58 27 32 86 102 98 34 93 3 19 35 67 59 49 46 22 10 99 11 2 69 4 17 29 25 5 33 37 45 60 91 57 23 74 40 73 6 56 21 
ofv: 30.463425
Best time: 42.875
Total time:100.318 


Instance: /OVRP/100p5v.ovrp
Method: RKO
Sol: 0 18 61 51 48 24 12 101 13 23 58 8 75 42 76 43 85 74 30 37 69 21 5 4 2 40 26 11 78 103 3 82 97 38 70 68 84 41 14 22 90 86 99 60 29 34 100 36 95 45 54 92 94 32 55 63 9 72 46 98 81 57 44 88 104 66 50 56 53 25 59 93 62 47 39 1 91 102 52 28 83 64 79 67 87 49 65 20 80 17 73 16 35 7 27 31 15 96 33 19 6 71 89 10 77 
ofv: 30.434340
Best time: 99.857
Total time:100.307 


Instance: /OVRP/300p1v.ovrp
Method: RKO
Sol: 0 57 108 256 119 190 234 168 107 173 47 164 218 246 202 14 161 151 167 166 163 94 68 5 192 203 59 51 28 90 248 106 123 274 42 250 118 261 291 103 233 277 239 40 299 170 84 188 165 95 297 204 116 10 155 245 138 18 86 74 278 99 260 271 219 294 152 140 174 64 125 134 2 263 295 110 145 221 92 160 76 287 178 137 225 148 89 262 281 55 111 126 220 206 139 229 38 70 249 26 141 286 162 180 50 41 88 171 77 247 53 214 100 275 200 144 130 292 52 142 49 273 61 259 257 112 15 29 288 43 58 191 290 153 269 54 217 19 150 97 226 8 216 20 284 143 270 44 101 223 254 296 264 17 279 117 159 1 124 91 32 272 96 197 175 62 240 121 285 136 213 222 67 105 24 243 132 46 128 98 251 113 176 16 215 224 298 194 208 133 35 210 135 31 186 3 23 282 187 27 11 12 189 69 280 13 266 181 146 231 154 268 66 209 78 93 34 127 300 276 198 283 184 83 63 193 244 195 115 177 33 65 207 228 9 201 4 183 131 120 71 147 235 182 199 205 129 87 109 48 79 60 211 56 238 212 30 25 149 158 104 253 22 252 36 37 265 227 237 7 156 179 82 242 114 232 241 75 81 39 72 21 157 258 45 267 293 289 185 255 169 122 80 230 85 236 6 196 172 73 102 
ofv: 92.012507
Best time: 102.687
Total time:102.690 


Instance: /OVRP/300p3v.ovrp
Method: RKO
Sol: 0 248 204 182 52 43 235 249 79 165 96 293 105 241 279 55 34 98 199 177 277 64 242 243 234 20 247 299 63 115 178 89 227 150 131 207 133 185 6 56 219 21 99 228 10 218 22 286 145 272 46 49 166 103 225 220 110 59 256 19 281 119 266 35 28 130 294 275 47 269 295 291 257 171 232 285 127 200 278 1 264 208 170 203 152 109 175 11 192 251 72 83 144 51 54 215 69 224 198 174 104 270 156 4 114 180 18 111 100 132 146 197 202 274 93 126 143 164 90 173 168 108 250 125 44 263 120 252 7 70 30 92 16 163 153 53 61 194 205 276 169 288 121 236 40 231 74 159 23 26 195 246 58 240 32 27 151 167 97 244 116 9 239 157 12 229 255 273 221 24 254 38 267 39 124 136 238 87 8 259 265 94 15 282 71 290 226 217 300 91 283 201 237 73 122 271 155 128 57 292 45 210 135 37 212 137 33 188 5 25 284 189 29 148 233 75 68 211 80 95 36 129 302 142 296 262 106 181 84 190 213 102 86 216 42 301 172 214 160 158 101 280 76 88 65 123 77 62 81 245 50 260 253 139 162 268 183 297 112 147 223 13 14 191 196 60 193 113 184 222 149 141 41 134 48 117 179 3 161 298 67 258 230 209 2 154 176 66 186 82 187 118 206 140 85 287 138 107 261 289 78 31 17 
ofv: 92.073308
Best time: 82.440
Total time:102.237 


Instance: /OVRP/300p5v.ovrp
Method: RKO
Sol: 4 107 167 110 252 127 46 278 32 72 9 254 265 295 98 170 175 92 81 251 237 57 21 300 37 2 188 234 173 259 240 10 89 226 71 217 271 297 293 208 301 249 142 22 11 162 153 29 34 242 60 86 183 160 282 241 159 269 41 14 120 189 126 84 40 256 26 275 223 298 178 280 68 287 200 176 6 261 116 3 0 290 166 95 128 5 121 283 184 54 45 36 276 100 179 279 199 136 79 64 83 247 56 146 53 52 277 262 255 229 152 219 228 33 19 267 73 292 198 302 93 266 42 30 171 94 55 63 207 196 122 281 243 44 218 145 258 105 48 274 147 288 177 13 172 8 135 273 157 224 186 115 59 203 143 123 260 69 250 206 18 165 155 1 285 294 195 47 39 193 16 299 150 235 158 272 106 77 138 129 202 70 213 82 97 38 131 304 144 156 257 231 264 108 103 78 90 118 246 169 192 215 216 303 174 88 104 201 181 119 204 66 197 248 50 232 211 51 168 227 222 112 61 253 43 161 113 20 141 164 17 284 15 225 149 114 185 270 96 80 182 291 263 109 65 49 140 87 289 125 28 85 74 238 194 205 154 23 58 151 239 209 133 91 180 117 102 296 132 268 163 148 134 244 99 245 236 67 25 76 233 210 75 124 187 111 12 220 24 230 101 221 130 62 212 137 214 139 35 190 7 27 286 191 31 
ofv: 92.209215
Best time: 98.744
Total time:102.887 


Instance: /OVRP/500p1v.ovrp
Method: RKO
Sol: 0 325 272 435 96 399 438 211 479 82 379 424 74 278 7 430 204 289 421 67 2 428 419 268 102 236 6 498 122 37 36 389 152 349 174 64 276 443 473 348 376 396 499 83 285 307 392 332 388 335 65 480 465 496 123 68 5 463 497 274 106 356 202 436 207 228 327 119 458 408 157 109 347 259 257 112 137 16 113 176 225 344 89 262 38 234 439 296 386 91 32 197 440 124 117 279 17 254 141 462 411 40 416 403 41 334 364 464 84 457 446 308 104 271 219 475 260 99 242 232 241 317 273 258 467 460 178 287 76 92 280 69 288 191 129 358 49 492 417 26 405 200 62 188 309 420 451 297 461 231 429 146 110 145 221 11 189 357 366 208 194 215 382 372 136 24 79 426 337 447 130 144 195 275 175 468 128 391 72 338 281 324 290 311 410 55 111 483 235 139 305 1 487 53 350 277 377 340 291 371 94 481 163 166 393 167 397 398 425 162 81 39 21 493 87 378 422 454 295 453 418 127 300 478 330 267 320 449 490 48 374 243 333 394 346 100 390 303 423 30 25 149 437 34 339 93 78 209 450 329 66 368 488 85 222 360 486 442 12 31 186 470 354 27 336 154 301 452 230 10 155 387 138 245 205 199 353 182 147 19 150 97 226 20 409 284 14 77 247 233 477 476 351 246 444 218 164 47 363 500 343 431 193 63 18 265 80 304 283 125 198 318 381 184 352 22 253 156 179 158 306 88 171 50 180 286 302 223 101 44 270 143 359 151 248 250 118 365 400 261 103 239 214 299 433 170 212 455 355 294 459 345 140 252 227 237 86 114 121 441 75 60 484 52 142 229 315 206 71 120 321 385 168 369 108 57 402 432 373 173 107 485 342 323 375 183 220 126 269 4 54 217 395 8 216 161 310 90 471 380 328 192 203 59 312 51 28 466 42 445 177 313 412 482 319 3 23 474 282 187 135 407 210 384 224 160 29 15 263 181 266 413 314 469 448 153 131 362 414 326 361 201 491 9 33 495 264 159 115 367 415 238 56 341 331 165 95 244 240 370 132 292 46 489 256 456 190 404 249 70 98 251 61 472 401 45 293 434 116 322 185 255 169 134 494 316 73 172 196 383 213 105 148 298 58 427 43 35 133 406 13 
ofv: 149.425672
Best time: 106.669
Total time:109.391 


Instance: /OVRP/500p3v.ovrp
Method: RKO
Sol: 0 438 61 205 194 263 342 379 293 373 96 165 168 467 143 390 23 159 360 63 490 302 211 80 95 475 154 9 88 202 256 304 204 16 163 153 248 446 166 175 344 203 493 152 411 286 145 361 272 46 103 225 199 348 392 305 1 340 485 355 184 73 122 450 412 210 368 359 135 37 316 313 222 323 387 364 363 109 11 329 458 449 439 106 480 68 331 452 341 36 420 129 445 391 239 432 234 97 167 190 343 308 177 442 437 34 93 126 337 325 328 416 170 192 28 407 172 435 459 401 440 213 58 481 311 422 101 254 186 285 232 124 171 157 65 195 242 48 266 298 404 220 59 161 117 179 3 489 52 478 479 55 352 279 241 418 42 216 130 40 231 317 208 185 133 6 56 219 21 397 375 345 288 400 182 43 336 98 277 369 64 246 243 140 247 398 12 187 324 118 436 295 269 322 69 224 87 261 107 474 403 374 274 447 465 382 330 7 70 314 53 30 499 252 120 367 402 105 413 425 214 417 448 310 160 84 244 116 453 287 85 299 423 238 8 259 4 430 421 431 233 463 455 265 17 444 78 180 451 492 376 372 146 197 381 426 76 280 20 215 362 112 147 338 29 223 456 424 14 191 212 137 33 188 472 5 321 13 282 15 162 139 18 115 178 484 217 380 94 268 183 148 297 31 289 462 253 100 144 51 54 486 50 319 309 26 123 443 77 335 396 366 405 90 173 79 249 235 464 301 86 102 466 399 169 358 125 276 468 44 483 108 498 395 353 427 164 470 433 132 134 89 227 131 207 495 394 245 428 339 294 487 99 228 10 218 22 365 49 502 434 209 230 121 419 291 257 500 198 385 114 488 346 300 196 386 415 356 189 284 476 25 409 201 237 410 41 72 251 491 497 35 67 371 110 482 327 388 19 119 281 2 296 457 354 24 206 501 47 414 264 283 57 113 149 141 236 258 250 473 92 312 307 494 74 393 315 334 275 260 469 349 226 408 71 290 45 429 471 128 155 271 377 460 441 406 83 138 389 38 350 383 306 82 384 150 60 193 292 326 91 111 81 62 333 240 32 27 151 181 158 267 39 378 332 66 278 200 370 127 496 318 75 303 156 270 104 174 136 454 320 176 461 347 142 351 357 221 273 477 255 229 262 
ofv: 149.459790
Best time: 107.565
Total time:109.723 


Instance: /OVRP/500p5v.ovrp
Method: RKO
Sol: 3 349 144 298 359 223 441 450 29 34 415 218 466 303 437 483 192 246 118 49 65 464 20 351 405 22 391 271 324 109 386 180 255 113 497 151 75 124 325 187 8 135 273 157 130 452 315 294 328 195 62 47 137 39 411 35 190 474 139 214 302 117 471 125 445 244 64 247 311 378 494 453 476 263 364 261 6 432 235 433 4 98 167 278 32 55 449 461 442 60 312 162 183 160 78 282 241 231 393 352 385 334 129 498 320 77 272 305 333 454 213 97 82 0 18 314 252 127 46 485 375 295 2 156 86 424 313 335 350 104 100 201 179 279 444 57 354 107 344 404 369 122 384 332 196 207 63 316 72 9 1 348 185 299 465 423 106 176 138 234 459 356 26 10 150 340 31 286 478 191 323 417 73 141 416 102 488 136 374 204 95 128 5 181 119 132 342 285 414 59 115 487 239 143 42 309 496 43 85 253 74 395 76 229 152 219 382 228 370 388 292 17 96 33 446 291 362 53 146 493 268 300 440 206 250 448 222 406 377 111 327 330 418 366 23 399 154 495 205 365 172 238 462 443 421 19 267 116 71 503 434 11 428 383 103 14 126 173 189 120 400 208 297 293 438 326 269 256 40 84 287 372 492 200 387 457 114 149 458 426 225 270 56 317 412 25 161 486 284 15 358 27 7 212 93 266 133 336 451 134 435 50 409 260 347 484 329 21 283 121 472 148 337 79 87 159 41 380 188 308 68 280 482 38 343 422 131 304 447 477 463 178 353 490 198 431 318 473 48 274 363 147 288 413 24 220 12 169 99 248 197 28 83 430 341 296 339 436 504 367 51 168 227 105 165 155 94 475 470 501 467 254 265 381 81 281 174 403 371 398 396 52 182 80 164 410 361 193 16 158 456 70 202 322 259 249 142 376 301 425 502 240 89 226 217 140 289 67 455 90 264 257 479 275 108 153 44 420 243 251 237 481 407 338 368 427 216 215 345 245 236 321 277 262 91 209 203 357 186 224 210 194 480 92 175 170 110 360 500 397 171 401 469 69 499 390 145 258 306 290 402 429 166 491 36 439 276 163 30 408 233 319 379 389 58 221 346 489 101 230 177 13 123 392 199 66 310 242 419 307 394 88 468 37 460 331 232 211 373 112 61 355 184 54 45 
ofv: 149.432279
Best time: 109.172
Total time:110.095 


Instance: /OVRP/100p1v.ovrp
Method: RKO
Sol: 0 57 47 8 97 20 44 14 90 28 51 59 5 68 42 94 77 88 50 41 53 40 84 100 62 75 60 79 24 48 98 16 92 13 69 11 12 27 23 3 31 35 43 58 89 55 71 4 54 19 9 65 33 17 1 91 32 96 56 82 86 74 99 7 18 10 37 22 36 80 64 34 93 78 66 73 2 15 29 76 87 38 72 21 49 52 39 81 70 26 46 30 25 95 63 83 45 61 67 85 6 
ofv: 9.820646
Best time: 96.201
Total time:100.160 


Instance: /OVRP/100p3v.ovrp
Method: RKO
Sol: 2 66 82 38 24 39 12 20 9 101 76 88 84 97 98 34 93 3 19 1 89 100 50 26 81 62 77 58 27 32 64 48 41 23 74 40 0 16 92 30 53 61 7 70 44 96 79 90 52 43 55 42 86 102 65 85 47 63 78 94 15 71 13 14 29 25 5 33 37 45 60 91 57 73 6 56 21 11 99 10 22 46 49 59 67 35 28 72 83 54 51 18 31 17 4 69 87 8 75 68 36 95 80 
ofv: 9.750962
Best time: 73.643
Total time:100.272 


Instance: /OVRP/100p5v.ovrp
Method: RKO
Sol: 4 1 93 62 47 39 35 7 27 31 16 15 73 17 96 3 82 97 38 70 2 68 84 40 26 41 14 71 89 10 77 6 19 33 80 20 102 43 85 74 30 37 69 0 18 54 45 92 94 32 55 63 9 72 46 98 81 57 44 88 104 100 36 95 5 21 61 51 48 24 12 101 13 23 42 76 25 53 56 52 28 83 64 79 50 66 60 34 29 99 86 90 78 103 11 22 67 87 49 65 91 59 75 8 58 
ofv: 9.630276
Best time: 49.611
Total time:100.353 


Instance: /OVRP/300p1v.ovrp
Method: RKO
Sol: 0 47 8 107 234 38 229 139 129 87 225 148 262 199 235 147 220 126 182 111 205 157 72 21 142 49 81 70 249 292 79 243 24 121 193 132 128 26 65 256 207 228 173 9 39 52 48 105 259 267 293 289 213 67 222 169 80 283 198 276 64 184 253 260 104 158 149 25 30 299 214 53 277 233 247 77 171 88 41 32 91 124 141 286 162 180 50 291 94 163 166 106 123 274 42 250 59 192 203 118 261 103 239 40 170 211 56 188 165 179 156 74 99 237 155 185 255 85 6 257 2 15 29 92 280 69 288 208 43 133 35 210 135 31 186 3 23 282 187 27 12 189 58 191 290 55 281 89 298 194 224 13 295 231 146 110 145 221 11 266 181 263 287 178 137 16 109 98 258 273 61 45 297 204 116 10 265 152 140 294 219 271 37 122 172 73 154 268 102 196 134 125 230 236 112 76 160 215 176 113 251 136 75 60 46 254 202 161 14 246 218 223 101 270 143 284 44 164 108 57 167 248 28 68 5 51 90 151 20 216 226 97 150 201 19 206 71 120 153 269 131 183 4 54 217 168 190 119 33 264 296 17 279 117 159 1 177 115 200 195 144 130 240 95 82 278 7 18 245 138 83 285 63 238 212 84 100 96 272 197 175 275 62 244 241 232 114 242 86 227 22 252 36 174 66 209 78 93 34 127 300 
ofv: 27.972797
Best time: 103.590
Total time:103.788 


Instance: /OVRP/300p3v.ovrp
Method: RKO
Sol: 2 154 176 66 285 136 238 8 17 282 13 14 191 189 284 29 147 112 297 183 268 0 165 263 120 252 7 70 92 153 272 46 103 225 166 220 110 59 19 281 3 126 216 42 301 172 86 102 277 134 149 237 201 283 60 45 196 290 71 15 31 114 259 87 224 69 138 287 85 299 118 187 171 124 257 232 127 200 68 211 80 95 36 278 82 186 38 254 262 123 77 62 81 26 245 50 54 51 23 159 144 294 266 298 35 67 258 209 230 121 28 130 48 117 179 161 119 143 288 169 108 250 125 30 53 61 205 194 1 150 227 89 178 111 100 260 275 47 269 107 63 253 115 18 139 78 162 94 148 233 156 270 75 174 198 104 4 265 223 5 25 188 33 137 212 37 135 210 91 264 131 207 141 74 41 83 72 251 40 231 208 73 122 236 192 11 49 22 286 145 248 164 182 52 90 173 168 276 44 96 293 79 249 105 241 279 55 235 43 34 199 177 202 197 242 246 195 65 243 234 244 84 181 158 101 76 280 9 239 157 206 247 140 20 229 255 24 273 221 142 129 302 296 106 160 151 27 32 64 146 132 6 56 219 21 152 99 228 218 10 175 109 203 170 185 133 271 155 222 128 184 113 57 292 193 300 226 217 180 289 261 215 295 291 12 267 39 88 116 97 167 190 58 213 240 214 98 274 93 256 204 16 163 
ofv: 28.076057
Best time: 101.943
Total time:102.618 


Instance: /OVRP/300p5v.ovrp
Method: RKO
Sol: 3 4 0 227 105 48 274 147 288 24 23 221 58 187 135 115 59 294 195 137 39 214 139 35 190 7 27 286 191 31 141 20 117 255 113 161 25 76 13 177 123 253 74 85 43 143 151 239 209 133 266 285 203 186 224 130 2 178 188 84 126 173 180 229 302 62 47 212 198 228 80 33 19 6 116 291 182 152 93 157 273 8 205 111 232 211 112 61 168 222 250 155 165 18 206 258 145 21 300 238 42 210 75 124 172 194 260 69 37 268 30 132 248 245 236 22 189 259 89 240 200 176 106 77 129 202 287 234 138 10 261 226 71 217 271 49 140 247 83 64 79 199 276 36 45 237 251 81 1 219 17 284 73 292 193 16 15 225 149 114 299 267 263 109 65 52 136 50 119 181 5 128 95 100 201 204 296 56 53 146 102 262 277 301 249 241 231 257 256 159 142 87 289 67 197 244 134 148 179 279 104 88 174 303 44 243 107 265 295 98 167 170 175 92 54 184 166 283 121 163 66 99 86 183 162 108 264 40 68 280 304 131 38 97 82 213 70 272 158 235 150 185 270 96 164 91 233 154 101 230 220 12 51 94 127 278 46 254 122 196 207 63 9 72 55 32 252 110 171 290 28 125 60 215 242 57 281 218 216 34 29 153 192 169 246 118 90 160 103 78 282 11 208 297 293 120 14 41 269 26 275 223 298 156 144 
ofv: 28.510205
Best time: 102.641
Total time:102.825 


Instance: /OVRP/500p1v.ovrp
Method: RKO
Sol: 0 356 497 5 192 203 59 312 68 272 195 222 383 196 172 316 494 368 80 389 22 352 455 219 271 475 227 253 355 294 140 345 459 174 349 348 184 376 10 322 116 213 472 401 297 7 278 74 99 237 155 396 122 318 329 66 276 330 37 265 430 333 386 325 256 228 9 119 190 458 26 91 334 41 77 340 400 118 365 291 371 476 343 373 173 107 342 150 491 201 361 326 323 70 81 243 79 132 128 456 500 363 47 164 310 248 471 28 51 90 161 246 444 218 402 369 108 254 302 141 159 405 46 370 193 241 232 95 165 56 211 390 84 170 433 299 462 364 214 416 411 303 63 83 372 105 259 360 498 134 488 209 450 34 418 300 478 198 125 452 73 102 428 419 429 231 461 406 378 344 298 194 69 413 11 266 181 453 67 421 204 499 387 18 394 200 175 275 438 188 437 104 381 64 127 339 78 93 443 473 152 331 341 306 367 440 1 279 117 17 286 398 50 477 233 403 53 350 277 247 261 250 380 328 463 151 359 143 284 409 44 270 101 223 436 425 162 487 124 177 115 468 62 86 379 424 138 245 136 392 404 439 327 207 432 20 216 8 226 97 485 395 54 269 153 126 324 58 208 357 189 12 422 454 221 145 146 154 301 268 2 112 486 160 215 482 225 148 281 111 353 235 338 262 87 176 178 287 449 317 431 435 32 180 393 167 496 106 123 94 445 171 88 464 415 238 309 420 179 156 260 252 36 304 283 230 169 289 48 332 388 249 313 61 267 320 29 354 319 210 35 427 314 469 311 448 220 182 483 199 205 129 493 21 72 139 147 71 120 183 385 4 131 321 206 315 98 467 490 293 434 185 255 85 236 6 257 15 92 13 280 384 366 288 224 16 484 447 130 144 100 346 399 240 24 307 374 382 460 45 285 244 479 25 30 212 423 457 96 197 234 38 229 375 217 19 362 414 168 292 337 426 60 75 441 121 451 114 242 82 158 308 446 149 40 239 103 377 481 466 274 42 163 166 397 351 465 14 202 57 480 335 65 33 489 495 264 296 417 52 412 137 76 442 263 295 110 336 27 187 282 474 186 31 135 133 43 191 89 113 347 251 258 273 49 142 39 305 492 391 408 157 358 109 55 410 290 407 470 3 23 
ofv: 46.985797
Best time: 109.439
Total time:110.626 


Instance: /OVRP/500p3v.ovrp
Method: RKO
Sol: 0 446 220 225 166 49 365 502 434 387 185 133 155 128 450 471 316 429 45 94 318 174 454 370 127 320 285 306 186 378 423 261 180 139 484 178 115 18 414 111 144 51 486 309 394 245 62 77 443 195 243 234 167 190 333 343 308 401 348 2 154 255 262 158 181 422 311 481 58 440 102 466 336 405 479 55 352 279 241 1 359 25 476 284 189 29 338 148 455 31 462 349 307 406 419 121 337 67 258 329 458 130 48 449 372 339 428 26 123 85 12 39 267 239 101 426 381 213 305 392 86 277 369 396 335 294 334 83 251 72 41 54 100 253 488 114 104 270 156 463 297 112 147 223 495 410 393 494 23 131 15 282 268 183 265 17 362 322 215 69 224 385 198 238 500 291 295 269 47 492 275 319 376 50 260 469 360 159 231 317 170 328 325 363 175 375 228 99 487 493 203 11 230 345 482 256 143 19 388 327 298 266 497 35 491 119 281 161 407 28 192 219 56 6 271 222 184 313 135 191 14 415 71 207 40 460 438 204 16 163 153 288 93 117 433 134 242 246 84 160 439 477 142 420 452 36 341 95 80 211 331 68 200 232 124 324 187 4 430 421 233 431 303 75 496 82 296 357 221 106 448 151 172 366 90 108 250 125 165 96 216 301 435 459 214 27 32 417 177 179 371 46 272 103 110 59 304 467 169 395 173 478 52 390 441 236 364 21 397 152 344 109 10 218 22 411 286 145 361 92 30 53 314 465 252 373 447 43 34 274 437 98 199 442 132 146 197 3 126 182 168 483 44 276 468 367 402 263 342 249 235 470 202 64 97 229 254 391 383 332 66 176 351 347 461 475 445 129 302 480 278 350 310 240 425 105 379 120 194 205 61 499 293 79 418 42 413 464 489 164 427 400 353 399 498 358 70 7 330 382 473 312 248 404 209 416 377 208 237 485 201 91 346 300 326 57 412 292 193 60 210 368 386 290 226 227 150 196 409 137 33 188 472 5 321 13 408 380 217 89 264 113 355 149 323 122 73 141 451 63 107 490 136 257 436 118 398 157 206 501 374 138 287 453 88 244 116 65 81 315 74 340 283 37 212 424 356 456 299 389 432 280 76 9 20 140 247 403 474 384 289 78 162 444 259 8 87 171 38 24 354 457 273 
ofv: 46.480693
Best time: 99.637
Total time:109.462 


Instance: /OVRP/500p5v.ovrp
Method: RKO
Sol: 4 3 82 97 343 38 304 479 441 312 450 153 29 34 22 391 503 297 271 25 76 123 13 12 220 168 222 227 105 1 497 161 56 396 28 125 289 471 266 285 414 59 115 224 157 325 273 135 8 389 366 504 51 24 413 288 147 363 274 48 230 101 489 346 495 205 143 93 198 410 73 15 458 27 7 474 190 35 139 214 164 291 217 293 438 326 189 259 138 158 305 320 498 492 372 234 126 159 67 197 244 374 134 148 199 248 245 455 142 301 263 219 382 348 133 42 462 443 421 30 37 373 112 61 484 392 253 146 53 453 386 71 226 425 400 249 87 79 119 181 472 204 160 108 275 223 393 40 41 173 432 423 433 150 114 225 16 193 361 292 180 117 351 255 262 83 64 5 128 491 429 402 355 401 171 18 165 155 314 360 500 480 394 419 86 383 78 241 269 287 322 129 202 280 380 14 434 11 282 90 118 335 345 276 95 54 45 407 57 354 237 184 166 290 440 250 448 2 353 178 352 208 376 321 52 378 488 136 398 444 36 481 281 218 466 437 427 216 242 162 359 298 463 477 447 349 144 26 257 264 231 256 188 385 68 334 308 84 120 309 238 172 418 330 365 327 331 347 145 170 167 98 375 295 265 404 369 122 254 501 485 81 251 439 100 201 179 371 60 483 192 169 99 236 246 313 424 183 428 103 356 459 156 482 131 422 454 213 333 70 456 77 272 106 176 200 502 240 405 49 494 277 336 296 451 50 409 493 339 460 260 69 499 300 329 258 306 397 110 252 127 278 384 332 196 207 63 55 32 475 94 406 367 436 211 379 124 151 239 342 228 96 457 235 465 299 185 284 17 416 102 317 132 163 121 283 21 390 268 408 496 362 113 182 446 33 80 141 486 229 152 302 62 47 212 370 388 417 426 358 323 411 473 315 452 130 0 206 469 175 92 338 368 468 104 350 66 337 445 140 324 364 116 267 340 31 191 286 478 149 270 490 476 65 311 247 430 341 85 74 43 395 412 328 195 294 318 431 39 137 19 6 261 387 10 89 109 464 20 91 209 203 487 357 186 194 232 377 177 111 154 399 23 221 58 187 75 210 319 233 435 279 403 88 174 303 415 44 420 243 107 381 344 467 9 316 72 470 46 449 461 307 442 310 215 
ofv: 46.943211
Best time: 101.504
Total time:110.573 


Instance: /OVRP/100p1v.ovrp
Method: RKO
Sol: 0 14 90 28 51 59 5 68 42 94 77 88 53 40 41 50 17 1 91 32 96 100 84 30 25 56 95 82 86 74 99 7 22 36 64 80 37 10 61 45 48 52 49 39 81 70 38 72 21 98 87 16 76 13 11 12 31 3 23 27 2 6 85 67 18 83 63 24 79 60 75 62 46 26 33 65 57 47 44 20 8 97 9 19 54 4 71 55 89 58 43 35 69 92 29 15 73 66 34 93 78 
ofv: 5.301187
Best time: 34.042
Total time:100.253 


Instance: /OVRP/100p3v.ovrp
Method: RKO
Sol: 1 89 18 69 8 87 12 20 77 62 81 26 50 100 54 51 23 74 40 41 83 72 28 19 3 93 34 43 52 90 2 95 80 36 68 66 82 39 38 24 9 101 76 88 84 97 64 48 35 67 59 16 92 30 53 61 7 70 44 96 79 55 42 98 102 86 32 27 58 65 85 47 63 78 15 94 31 17 4 75 0 49 46 22 10 99 11 21 56 6 73 57 91 60 45 37 71 13 14 29 25 5 33 
ofv: 5.372761
Best time: 43.230
Total time:100.294 


Instance: /OVRP/100p5v.ovrp
Method: RKO
Sol: 2 68 84 89 10 71 65 49 56 53 25 76 42 58 8 75 59 62 33 19 6 77 4 3 82 97 38 70 0 61 51 12 101 24 48 18 94 32 55 63 9 72 46 98 81 92 54 45 57 44 88 104 100 36 95 5 21 1 91 93 47 39 35 7 27 31 16 15 73 17 96 80 20 102 52 67 90 86 78 103 11 26 40 41 14 22 87 28 83 64 79 99 29 34 60 66 50 43 85 74 30 37 69 13 23 
ofv: 5.170302
Best time: 59.094
Total time:100.295 


Instance: /OVRP/100p1v.ovrp

Alpha: 1.000000
Method: RKO
Sol: 0 14 90 28 51 59 5 68 42 94 77 88 50 41 32 91 1 17 57 47 44 20 8 97 9 65 33 26 70 81 39 38 72 21 49 52 98 48 79 24 63 86 74 99 22 36 93 78 34 66 64 80 37 10 18 7 82 95 56 25 30 100 84 40 53 96 62 46 60 75 83 67 85 6 73 2 15 29 92 69 12 31 3 23 27 11 13 76 61 45 16 87 89 58 43 35 55 71 4 54 19 
ofv: 5.492174
Best time: 44.567
Total time:100.230 


Instance: /OVRP/100p3v.ovrp

Alpha: 1.000000
Method: RKO
Sol: 0 59 67 35 48 62 81 26 77 97 84 9 20 12 39 82 66 68 36 95 80 2 38 24 101 76 88 65 85 50 54 51 41 83 72 28 19 52 43 90 79 96 44 70 7 61 53 30 92 16 3 93 34 98 64 58 27 32 102 86 42 55 1 89 91 60 45 37 57 73 6 56 21 99 10 22 46 49 11 40 74 23 100 18 63 47 69 87 8 75 4 17 31 78 94 15 71 13 14 29 25 5 33 
ofv: 5.310882
Best time: 96.598
Total time:100.328 


Instance: /OVRP/100p5v.ovrp

Alpha: 1.000000
Method: RKO
Sol: 1 59 75 8 58 74 85 43 56 53 25 76 42 23 13 101 12 24 48 51 61 69 37 30 21 5 95 36 100 104 88 34 29 60 99 86 90 78 103 11 22 3 82 97 38 70 68 40 26 41 14 71 80 39 47 62 93 91 102 52 28 83 64 79 66 50 4 2 84 89 10 77 6 19 33 96 73 16 35 7 27 31 15 17 20 65 49 87 67 0 18 94 98 81 57 44 45 54 92 46 32 55 72 9 63 
ofv: 5.439274
Best time: 17.781
Total time:100.692 


Instance: /OVRP/300p1v.ovrp

Alpha: 1.000000
Method: RKO
Sol: 0 286 180 162 141 1 200 195 144 130 132 273 258 251 137 76 160 29 268 154 146 27 187 282 23 3 189 288 69 280 13 92 266 181 295 263 2 257 222 185 116 155 204 297 61 49 142 157 139 71 120 153 269 131 4 54 217 19 201 246 202 14 161 167 166 171 88 233 103 247 77 94 163 42 274 68 51 28 90 123 248 106 151 223 218 108 296 264 33 65 256 190 234 72 21 48 285 86 242 114 193 244 240 100 84 41 50 254 57 47 216 226 97 150 183 220 235 109 267 213 36 152 140 294 219 271 104 156 99 74 278 7 237 227 260 253 22 252 184 80 122 169 255 287 178 16 176 262 199 205 129 87 225 148 89 58 43 208 133 35 210 135 31 186 12 11 15 112 37 265 10 18 245 138 83 75 46 115 177 128 52 98 113 215 224 194 298 191 290 281 55 111 126 182 147 206 229 38 168 107 8 20 44 284 143 270 101 164 159 175 275 211 56 82 179 158 149 25 30 40 291 250 5 59 203 192 118 261 239 277 53 214 299 170 212 238 188 165 95 241 232 63 121 24 243 79 60 292 39 81 70 249 26 119 9 173 228 207 17 117 279 124 91 32 272 96 197 62 136 45 105 259 67 6 85 236 134 230 283 64 125 198 276 174 300 127 34 93 78 209 66 196 172 73 289 293 102 231 110 145 221 
ofv: 13.244582
Best time: 102.453
Total time:103.171 


Instance: /OVRP/300p3v.ovrp

Alpha: 1.000000
Method: RKO
Sol: 0 204 108 250 92 153 163 16 248 49 175 109 203 185 133 6 56 170 11 230 110 59 258 121 192 236 208 283 91 60 300 196 226 217 227 89 159 41 126 43 79 249 235 55 216 301 172 86 102 214 273 221 296 68 211 80 95 36 129 302 1 131 207 141 231 35 266 19 143 288 164 182 90 173 263 252 120 2 154 142 176 66 186 82 232 136 198 174 75 104 270 156 233 148 265 261 107 63 47 299 247 140 20 206 118 187 291 295 69 31 282 71 290 191 14 13 5 25 284 189 29 147 112 183 297 4 259 87 257 12 39 267 38 254 24 255 229 88 234 243 97 167 190 132 146 197 34 52 168 44 276 70 7 194 205 61 53 30 125 169 3 179 117 202 64 213 58 240 277 177 199 98 274 93 256 220 225 166 218 10 209 67 298 119 281 161 28 294 81 62 77 26 245 54 51 144 111 115 178 18 162 15 94 78 139 253 50 65 116 244 84 181 106 262 85 138 275 260 100 23 74 40 251 72 83 130 48 134 242 246 195 123 287 269 215 171 124 285 278 200 127 238 8 289 180 150 264 201 237 149 73 122 271 155 222 184 113 57 193 292 128 219 21 152 99 228 22 286 145 272 46 103 165 96 293 105 241 279 42 32 27 151 160 158 101 76 280 9 239 157 224 114 17 268 223 188 33 137 212 37 135 210 45 
ofv: 12.976971
Best time: 79.758
Total time:102.948 


Instance: /OVRP/300p5v.ovrp

Alpha: 1.000000
Method: RKO
Sol: 4 2 40 269 14 189 120 293 297 271 263 182 20 255 102 52 125 197 248 60 242 34 29 153 162 86 183 160 108 264 257 26 256 41 126 173 259 138 240 89 226 71 217 109 65 49 140 289 28 50 163 121 145 258 61 112 171 110 252 94 127 278 46 167 98 170 175 92 45 201 179 279 215 192 169 99 245 236 118 90 78 103 282 11 246 66 199 148 244 67 249 159 234 287 129 202 280 68 188 84 208 301 43 74 253 30 37 268 300 69 260 232 13 205 154 23 221 58 8 187 239 152 228 164 33 267 19 80 141 117 180 91 209 151 75 124 224 186 115 59 294 195 47 137 214 35 190 139 39 93 266 133 161 25 247 83 64 79 216 303 218 44 243 107 265 122 254 9 72 295 81 251 237 281 57 174 88 104 100 95 128 0 222 227 168 211 123 194 172 238 85 296 136 134 204 276 36 54 184 166 290 206 18 165 155 250 1 229 219 96 17 284 3 97 82 213 38 131 304 70 178 144 156 298 223 275 231 241 22 142 87 277 262 56 53 146 76 233 143 302 292 73 15 225 149 114 270 185 299 150 235 158 272 106 77 176 200 10 261 6 116 291 113 210 135 273 157 130 198 16 31 191 286 27 7 193 212 62 285 203 42 132 119 181 5 283 21 24 220 12 230 101 111 177 51 105 274 48 288 147 32 55 63 207 196 
ofv: 12.431319
Best time: 101.984
Total time:102.122 


Instance: /OVRP/500p1v.ovrp

Alpha: 1.000000
Method: RKO
Sol: 0 402 363 500 342 395 217 54 385 4 269 153 126 448 311 469 31 186 470 146 429 231 154 301 99 156 437 158 308 446 238 415 399 346 367 62 394 195 200 435 487 397 106 248 123 471 90 310 286 32 30 25 149 179 86 451 121 441 75 60 144 468 425 398 351 496 356 167 393 166 163 94 371 291 277 350 53 214 170 457 303 390 84 100 464 364 233 247 77 465 246 444 432 373 485 107 173 207 228 119 439 458 235 89 298 224 406 280 13 92 29 442 486 178 87 139 315 206 120 71 321 131 229 38 249 70 81 128 175 275 438 479 420 82 74 278 18 387 245 297 267 287 160 208 133 35 366 357 384 288 69 413 11 422 354 187 474 282 27 336 419 428 268 6 85 434 421 213 320 105 382 148 344 58 191 324 281 199 338 205 129 484 332 292 337 132 447 130 79 426 243 24 237 252 36 348 66 300 443 127 418 93 78 339 478 276 64 330 304 389 22 475 260 104 424 379 232 193 63 83 204 396 185 255 498 236 383 196 134 488 368 125 198 318 283 230 80 122 322 116 155 7 309 212 423 433 299 462 411 40 416 477 403 41 302 57 108 369 256 456 323 414 362 168 190 33 495 386 17 279 117 159 46 370 430 265 37 376 184 381 349 174 459 345 140 152 10 401 61 460 16 225 262 483 353 182 220 111 55 410 290 314 427 407 135 210 43 147 183 375 19 150 101 223 164 234 72 113 347 467 258 273 48 317 374 307 285 227 253 352 455 271 219 355 294 473 34 450 209 329 452 73 102 2 360 449 490 392 440 239 103 377 340 380 328 192 203 59 312 5 463 118 365 400 261 250 497 466 274 42 202 436 343 327 326 361 9 47 44 143 359 270 218 91 272 124 1 405 26 417 201 491 97 409 284 20 216 226 8 65 264 177 115 431 333 169 494 316 172 67 45 49 142 391 492 305 404 335 480 14 161 151 28 51 68 481 445 334 96 197 188 165 95 136 372 472 259 112 263 453 461 295 221 454 12 189 194 378 215 482 52 313 388 162 50 476 88 171 180 141 254 325 296 489 39 109 412 251 98 358 21 408 157 493 176 137 76 266 181 110 145 23 3 319 15 257 222 289 293 499 138 114 242 241 244 240 341 331 56 211 306 
ofv: 22.194123
Best time: 107.317
Total time:108.568 


Instance: /OVRP/500p3v.ovrp

Alpha: 1.000000
Method: RKO
Sol: 0 404 482 117 197 396 64 98 479 235 168 358 108 30 53 314 70 7 465 263 105 413 301 435 425 214 240 160 439 296 142 347 461 475 445 176 351 350 82 251 419 121 337 67 11 109 344 152 397 21 364 387 133 271 155 222 184 355 237 40 494 348 102 86 392 459 305 417 343 333 242 443 253 349 368 386 290 408 226 380 115 414 111 360 83 72 393 74 149 128 450 313 471 316 33 188 472 456 385 198 232 357 221 273 477 88 244 116 65 275 260 100 131 207 340 201 495 51 449 433 48 161 388 327 371 110 59 256 304 164 182 43 336 366 466 93 126 3 281 119 179 177 277 470 407 28 192 325 363 203 493 175 375 288 427 400 52 34 274 202 146 132 372 134 294 376 319 474 289 488 444 94 282 71 196 300 159 41 315 486 374 215 114 17 183 223 13 14 415 162 78 362 12 24 354 457 255 239 432 20 389 247 299 269 403 63 47 451 492 50 394 428 62 77 195 246 167 311 422 181 158 426 381 76 280 9 229 254 38 267 39 291 322 107 227 150 346 91 283 485 153 312 92 61 205 194 330 382 120 367 402 342 379 279 352 55 42 418 241 293 373 447 173 90 478 19 497 460 236 170 328 22 166 248 16 163 204 438 446 49 365 502 434 209 230 329 345 1 60 210 135 37 212 147 112 297 463 455 4 259 224 171 124 187 324 118 206 501 85 287 245 81 339 334 54 144 410 141 208 73 122 317 231 307 406 441 487 10 218 228 99 219 56 6 323 292 193 429 45 409 137 189 284 476 25 5 191 359 424 356 321 29 338 156 303 270 104 332 306 481 58 440 401 199 143 220 225 103 272 46 411 286 145 361 276 252 499 468 125 473 250 395 169 467 298 266 491 130 97 84 101 262 391 378 186 383 66 278 452 211 331 68 302 129 420 36 341 80 95 480 200 320 285 423 261 384 462 180 31 265 430 421 233 431 148 139 469 309 26 123 243 234 453 140 436 257 87 238 500 136 496 490 370 127 454 318 75 174 8 69 138 335 437 405 249 79 96 165 2 154 106 310 448 151 27 32 213 308 369 442 489 353 399 498 44 483 216 464 172 190 157 398 295 18 178 264 326 57 412 113 185 377 416 458 258 35 390 23 89 484 217 15 268 
ofv: 23.067505
Best time: 107.888
Total time:109.533 


Instance: /OVRP/500p5v.ovrp

Alpha: 1.000000
Method: RKO
Sol: 0 250 448 227 105 165 18 206 440 290 402 54 57 354 281 107 381 344 98 167 420 44 466 174 88 104 100 283 390 69 460 123 443 408 43 53 311 67 246 86 162 312 313 483 335 345 66 199 148 296 336 317 321 140 87 208 400 503 301 49 476 263 33 96 284 15 458 225 149 270 267 261 293 297 391 455 118 236 245 99 169 248 197 374 392 30 121 163 435 134 136 277 262 471 102 362 412 42 418 330 495 489 101 230 220 205 366 325 130 452 315 473 294 266 453 494 52 378 488 181 5 128 95 491 480 45 338 407 481 237 170 500 397 171 401 112 347 331 172 379 389 8 135 273 157 224 219 364 502 138 492 372 129 202 280 482 131 422 333 70 304 447 477 463 349 108 441 450 29 34 415 265 404 369 122 254 467 9 4 3 38 343 97 82 213 454 178 256 241 11 282 78 428 383 424 192 371 179 444 429 166 145 21 309 496 395 113 180 117 416 247 83 64 79 337 470 501 384 332 1 47 137 39 411 139 35 190 323 426 16 388 370 431 318 62 195 328 285 209 133 351 464 109 324 271 425 438 326 189 173 126 234 334 68 353 144 156 298 359 223 275 26 40 393 352 385 308 188 41 14 434 22 289 396 421 367 51 504 436 211 232 76 161 382 228 410 73 292 198 302 93 203 239 75 210 319 143 497 229 348 212 214 474 7 27 478 286 191 31 358 193 361 417 17 164 217 120 159 231 257 356 459 479 264 90 125 28 430 341 132 409 268 499 300 329 484 406 24 12 177 13 194 238 25 291 490 116 106 272 305 158 433 150 340 114 185 19 71 226 89 240 200 320 176 387 10 80 20 91 487 357 186 151 233 373 314 360 32 72 55 316 207 196 63 155 168 154 23 58 187 124 342 152 486 141 182 386 65 405 376 445 244 398 204 201 468 449 375 295 81 251 243 218 394 350 403 279 119 493 37 339 260 377 111 346 365 327 462 253 74 85 451 50 276 92 175 485 46 278 127 475 94 252 110 2 259 6 457 299 465 235 77 498 456 322 287 84 380 269 103 160 183 153 427 303 437 461 307 216 242 60 215 419 442 310 142 249 432 423 446 255 56 146 472 439 36 368 184 355 469 306 258 61 222 48 274 363 147 288 413 399 221 115 59 414 
ofv: 22.907346
Best time: 103.627
Total time:108.275 


Instance: /OVRP/100p1v.ovrp

Alpha: 0.800000
Method: RKO
Sol: 0 47 44 20 8 97 9 19 54 4 71 38 72 21 39 81 70 26 33 65 17 57 14 90 28 51 59 5 68 42 94 77 88 50 41 53 40 32 91 1 96 100 84 30 25 56 95 82 7 18 10 85 6 67 61 45 83 63 86 74 99 22 36 37 80 64 34 93 78 66 73 2 15 29 92 69 35 43 58 55 89 87 98 48 24 79 60 75 62 46 52 49 16 76 13 11 12 31 3 23 27 
ofv: 11.736229
Best time: 74.315
Total time:100.159 


Instance: /OVRP/100p3v.ovrp

Alpha: 0.800000
Method: RKO
Sol: 0 16 59 49 46 22 10 99 11 21 56 6 2 24 38 39 12 82 66 68 36 95 80 1 89 18 100 41 83 72 28 35 67 19 3 93 34 98 102 64 48 77 62 50 47 63 69 87 8 75 4 17 31 78 94 15 71 13 14 29 25 5 33 37 45 60 91 57 73 40 74 23 51 54 81 26 65 85 20 9 101 76 88 84 97 58 27 32 86 42 55 43 52 90 79 96 44 92 30 53 70 7 61 
ofv: 11.344799
Best time: 94.470
Total time:100.248 


Instance: /OVRP/100p5v.ovrp

Alpha: 0.800000
Method: RKO
Sol: 3 82 97 38 70 77 6 10 89 71 65 49 87 67 28 83 64 79 66 50 4 2 68 84 0 18 94 32 55 63 9 72 46 98 81 92 54 45 57 44 36 95 5 100 104 88 34 29 60 99 86 90 78 103 11 26 40 41 14 22 52 102 56 53 25 76 42 75 8 58 23 13 101 12 24 48 51 61 21 69 37 30 74 85 43 1 93 59 62 47 39 91 20 80 33 19 96 17 73 15 16 31 27 7 35 
ofv: 11.468278
Best time: 35.538
Total time:100.185 


Instance: /OVRP/300p1v.ovrp

Alpha: 0.800000
Method: RKO
Sol: 0 151 90 59 203 192 5 68 51 28 274 42 163 94 166 167 202 57 256 119 38 139 262 89 58 43 35 133 215 160 76 137 176 87 129 205 199 182 126 220 120 153 269 131 4 54 201 107 173 9 190 234 21 157 16 178 287 29 15 263 112 259 258 273 48 155 116 185 289 293 267 213 257 2 6 196 125 198 276 64 283 230 122 169 10 227 253 252 36 80 184 294 152 140 174 300 127 34 93 78 209 66 134 236 85 222 67 105 61 45 136 243 128 33 65 207 20 44 284 143 270 101 223 218 164 47 108 17 117 159 52 251 113 224 288 11 27 187 282 23 3 186 31 135 210 194 298 148 225 109 98 49 142 81 70 249 26 264 296 141 286 106 248 123 250 118 261 291 103 299 211 188 18 237 7 278 86 242 114 241 232 95 165 30 25 149 82 74 99 156 179 158 104 260 271 219 22 265 37 255 172 73 102 268 154 231 146 295 181 110 145 221 266 92 280 13 69 12 189 208 191 290 281 55 111 235 147 168 97 226 216 8 228 292 60 75 56 238 212 100 84 170 40 239 247 77 233 171 88 41 50 180 162 161 14 246 254 279 177 115 144 240 244 193 63 138 245 204 297 83 285 121 24 79 132 130 200 175 197 272 1 124 91 32 53 277 214 96 275 62 195 46 39 72 229 206 71 183 217 19 150 
ofv: 32.835449
Best time: 93.656
Total time:102.687 


Instance: /OVRP/300p3v.ovrp

Alpha: 0.800000
Method: RKO
Sol: 2 154 296 221 273 24 255 0 220 225 103 272 145 286 46 22 175 203 170 56 6 185 133 271 222 178 115 18 261 107 269 47 63 180 78 162 15 29 189 284 25 5 14 282 94 31 17 265 4 8 87 238 198 174 104 75 232 12 239 9 280 76 101 158 181 84 88 244 116 234 243 123 77 62 81 245 26 287 65 195 246 97 167 190 58 102 216 105 120 7 194 205 61 53 276 44 165 168 173 90 79 249 42 301 172 86 214 32 27 151 240 213 197 146 132 48 134 294 159 201 283 292 57 113 184 237 149 122 73 208 74 23 144 51 54 50 206 118 187 257 171 124 39 38 254 229 262 106 160 64 117 161 19 119 281 3 126 1 264 91 227 139 289 114 259 136 127 66 176 142 302 129 36 95 80 211 68 200 278 285 82 186 267 157 20 138 275 260 253 100 111 131 207 141 231 40 236 192 109 11 230 209 67 35 266 298 143 164 182 52 43 55 279 241 235 96 125 250 108 169 288 256 59 110 258 121 28 251 72 83 41 217 226 300 150 89 130 179 93 34 274 98 199 177 277 202 242 85 140 247 299 295 291 215 69 224 270 156 233 148 297 183 268 112 147 223 13 71 290 196 210 135 191 188 33 137 212 37 45 60 193 128 155 219 21 152 99 228 218 10 49 166 248 204 16 163 153 92 30 70 252 263 293 
ofv: 31.878163
Best time: 100.720
Total time:102.657 


Instance: /OVRP/300p5v.ovrp

Alpha: 0.800000
Method: RKO
Sol: 3 4 0 250 171 184 166 290 145 21 300 69 260 211 232 177 111 13 123 194 238 42 76 25 247 79 245 236 99 169 192 60 215 66 50 268 61 112 51 168 222 227 105 48 274 147 288 24 220 12 230 101 154 205 172 23 221 151 239 209 133 91 152 229 180 117 255 262 140 87 118 246 90 78 103 264 223 298 144 156 188 234 138 176 77 106 6 261 226 71 217 271 67 197 248 244 136 296 43 233 187 8 58 30 181 201 100 276 36 54 170 98 167 110 94 155 165 18 206 258 283 121 119 132 52 182 80 164 141 20 113 102 146 53 56 277 49 65 297 293 120 189 84 68 178 304 131 38 97 82 213 70 280 202 129 287 14 159 208 142 289 85 74 253 83 64 134 148 199 204 279 179 95 128 5 163 37 143 285 59 115 186 75 124 130 294 195 137 39 7 190 35 139 214 228 219 302 198 193 16 15 225 270 185 299 150 235 158 272 200 259 173 126 41 269 40 256 26 257 231 241 242 303 44 243 107 254 9 196 207 63 55 72 32 278 46 127 252 1 27 286 191 31 149 114 267 19 33 291 263 109 301 249 22 11 282 160 183 162 153 29 34 216 104 88 174 218 281 57 237 45 92 175 251 81 295 265 122 2 275 108 86 125 28 161 210 135 273 157 224 203 266 93 62 47 212 292 73 284 17 96 116 10 240 89 
ofv: 32.790978
Best time: 97.406
Total time:102.170 


Instance: /OVRP/500p1v.ovrp

Alpha: 0.800000
Method: RKO
Sol: 0 218 359 143 284 409 97 150 395 19 362 168 417 46 431 130 379 99 278 74 86 63 441 333 195 200 468 91 124 1 405 388 39 391 408 21 157 72 492 70 177 272 32 476 88 171 351 180 50 41 403 334 364 440 370 490 413 12 422 454 11 69 224 87 90 471 28 51 312 68 5 463 497 250 365 400 340 477 299 212 158 437 253 22 294 355 219 271 149 40 416 239 103 377 371 481 42 123 248 310 151 101 223 164 343 256 327 458 38 229 315 205 225 160 76 486 112 488 125 318 198 276 64 381 348 152 345 459 473 478 174 349 389 252 138 387 285 60 337 292 426 136 499 36 140 443 127 418 339 34 300 230 255 421 267 289 434 184 304 330 283 122 45 98 321 269 131 305 249 81 332 75 451 83 372 449 251 347 412 109 358 49 132 447 394 309 420 82 7 237 155 10 169 498 236 85 67 293 297 245 204 396 227 352 455 475 260 104 308 446 423 411 53 350 277 247 77 233 279 17 325 296 489 115 341 331 479 56 211 415 438 79 243 392 374 273 258 467 113 176 16 61 401 382 137 215 378 288 384 357 189 23 474 282 187 27 354 280 13 460 128 159 117 386 264 495 33 335 65 26 175 399 100 346 197 435 57 108 202 14 161 465 464 457 30 25 238 306 62 144 375 385 183 120 71 206 313 188 165 95 240 24 484 52 142 139 147 220 182 55 410 311 290 191 314 427 43 58 344 148 482 178 287 383 494 452 368 66 450 93 78 209 329 301 419 428 102 196 134 80 376 37 265 322 185 116 18 430 232 241 244 193 121 307 317 48 472 105 259 6 172 316 73 268 154 429 231 461 146 336 110 145 266 181 295 453 2 257 222 213 320 360 221 319 3 470 186 31 366 194 298 262 129 338 199 448 126 153 4 54 217 491 342 173 373 500 47 402 363 432 207 228 9 235 324 208 133 210 135 407 35 469 111 353 483 281 89 406 92 263 15 29 442 493 234 107 8 216 270 44 20 226 485 201 361 414 326 323 190 480 141 162 425 398 397 167 356 496 393 106 163 94 166 254 456 119 439 404 369 444 246 436 302 286 487 214 462 433 303 242 114 424 156 179 367 275 96 291 261 118 380 328 192 203 59 466 274 445 170 84 390 
ofv: 55.553569
Best time: 107.649
Total time:111.387 


Instance: /OVRP/500p3v.ovrp

Alpha: 0.800000
Method: RKO
Sol: 0 288 182 52 478 43 199 417 481 333 343 58 62 495 207 283 91 196 4 8 238 232 285 332 66 350 296 357 221 457 354 24 267 324 187 257 436 291 295 299 501 206 432 9 381 84 422 311 190 308 440 169 498 108 276 44 483 1 150 227 484 78 362 69 224 171 124 500 385 198 174 303 156 233 431 148 338 284 476 189 29 356 456 147 223 13 191 37 429 316 471 450 128 222 184 355 113 292 193 60 45 408 31 444 87 389 116 97 167 305 301 413 42 418 241 105 402 263 342 379 79 249 90 173 438 446 225 103 272 361 145 46 286 411 218 10 375 258 67 337 388 143 164 489 396 242 243 453 140 247 261 94 424 321 33 188 472 25 5 14 282 15 318 496 490 391 477 255 239 374 469 100 360 494 460 236 325 328 416 170 441 406 83 76 280 101 158 448 425 435 464 216 352 252 465 70 358 467 256 482 327 298 266 407 335 195 65 20 82 306 186 215 107 462 18 349 319 339 132 146 202 102 86 459 392 401 369 77 26 394 23 410 74 121 345 371 110 59 19 119 281 3 126 93 179 117 161 497 35 491 28 309 322 269 423 118 12 39 38 254 229 262 439 172 279 367 120 382 330 7 53 2 154 351 176 142 347 461 302 95 80 341 36 480 200 383 378 398 157 234 177 437 427 400 353 399 395 168 165 96 447 235 479 55 366 34 274 442 470 433 449 54 51 144 159 141 387 377 397 152 99 228 22 166 220 153 473 468 499 293 373 405 336 466 98 277 64 443 123 287 138 47 403 63 451 492 260 275 315 41 393 201 57 313 412 326 346 300 226 162 488 114 259 136 370 320 278 127 454 75 104 270 421 463 112 415 386 368 135 210 380 217 253 376 50 245 81 428 294 192 203 493 344 487 109 175 11 363 149 237 485 340 131 89 178 115 414 111 486 334 72 251 307 40 231 317 208 73 122 271 323 155 264 139 180 68 331 211 452 420 129 445 475 273 106 426 244 246 372 134 364 21 219 56 185 133 6 419 390 130 48 197 213 240 151 27 32 214 348 304 204 16 163 312 92 61 205 194 314 30 125 250 248 404 49 365 502 434 209 230 329 458 310 160 181 88 85 474 384 289 17 265 430 455 297 183 268 71 290 359 212 137 409 
ofv: 54.972529
Best time: 108.871
Total time:110.574 


Instance: /OVRP/500p5v.ovrp

Alpha: 0.800000
Method: RKO
Sol: 3 280 322 492 502 240 71 471 25 76 42 172 366 23 399 221 58 389 210 362 494 453 376 289 125 28 247 451 50 409 493 37 331 177 111 346 154 8 135 473 318 431 39 214 361 193 323 191 27 474 190 35 139 411 47 195 115 319 238 339 306 167 98 485 501 467 254 404 265 295 375 449 469 347 211 489 101 230 220 51 440 206 314 171 401 355 402 429 166 1 133 209 487 357 186 224 187 379 205 495 13 123 194 327 365 330 418 75 151 266 93 20 226 10 387 200 106 457 299 225 15 73 317 119 5 128 45 338 437 427 216 450 312 162 86 236 245 99 169 192 335 442 415 44 420 243 107 381 344 46 470 55 316 9 332 384 122 369 2 393 40 256 231 241 11 282 78 383 290 18 165 155 94 475 252 360 397 184 21 421 408 496 43 488 396 430 83 64 79 244 345 310 371 179 100 468 368 354 57 407 491 30 392 253 74 85 146 53 56 102 255 351 464 182 291 490 446 33 96 284 426 358 458 340 150 433 305 70 333 213 82 97 447 477 385 126 173 217 113 497 233 239 285 328 62 212 137 4 174 439 276 69 232 377 12 24 413 288 48 448 250 145 36 215 60 483 441 108 479 275 223 144 349 463 202 456 320 498 372 129 68 308 352 298 359 459 356 26 156 353 178 304 454 343 38 422 131 482 84 41 269 257 264 183 424 313 242 419 307 461 466 218 281 237 251 81 175 92 481 303 34 29 153 248 67 49 405 65 141 228 382 219 117 416 378 296 132 390 329 112 484 300 268 499 443 412 180 270 185 267 19 116 364 263 109 476 386 80 164 410 292 388 370 198 0 500 110 127 32 63 196 207 72 278 170 480 54 95 181 134 374 136 341 336 395 143 124 325 273 157 130 452 315 294 414 59 203 342 435 279 403 394 88 104 350 201 444 311 321 52 262 277 140 87 142 249 301 208 159 380 188 334 287 234 138 176 77 272 158 235 465 423 432 261 425 503 455 445 337 66 204 472 163 121 283 258 61 373 406 222 227 363 147 274 105 168 367 504 436 260 460 462 309 161 91 229 152 348 302 486 324 297 293 438 326 14 400 120 189 259 89 6 114 149 31 286 478 7 16 417 17 271 391 22 434 428 160 103 90 246 118 197 398 199 148 
ofv: 54.916929
Best time: 108.578
Total time:108.842 


Instance: /OVRP/100p1v.ovrp

Alpha: 0.500000
Method: RKO
Sol: 0 14 90 28 51 59 5 68 42 94 77 88 50 41 53 40 84 100 30 25 56 95 82 7 18 10 37 67 85 6 2 15 29 16 98 52 49 21 72 38 71 4 54 19 9 97 8 20 44 47 57 65 33 26 17 1 91 32 96 62 46 60 75 83 45 61 87 89 55 58 43 35 31 3 23 27 73 66 78 93 34 64 80 36 22 99 74 86 63 24 79 81 70 39 48 76 92 13 69 11 12 
ofv: 21.492220
Best time: 74.299
Total time:100.187 


Instance: /OVRP/100p3v.ovrp

Alpha: 0.500000
Method: RKO
Sol: 1 89 18 48 64 98 102 86 42 55 2 24 38 69 87 8 75 4 17 31 78 94 15 71 13 14 29 25 5 33 37 45 60 91 57 73 6 56 21 28 35 67 19 3 93 34 43 52 90 79 96 44 92 30 53 70 7 61 0 16 59 49 46 22 10 99 11 40 74 23 100 63 47 85 65 97 58 32 27 84 76 101 9 88 77 62 26 81 83 72 41 51 54 50 20 12 39 82 66 68 36 95 80 
ofv: 21.356215
Best time: 36.282
Total time:100.174 


Instance: /OVRP/100p5v.ovrp

Alpha: 0.500000
Method: RKO
Sol: 2 26 40 41 84 68 0 61 37 30 74 85 43 42 76 25 53 56 102 52 28 83 64 79 99 29 34 60 66 50 51 12 101 24 48 18 94 32 55 63 9 72 46 98 81 92 54 45 4 3 82 97 38 70 1 93 62 47 39 35 7 27 31 16 15 73 17 96 80 33 19 6 77 10 89 71 14 22 11 103 78 86 90 67 87 49 65 20 91 59 75 8 58 23 13 69 21 5 95 36 100 104 88 44 57 
ofv: 21.181713
Best time: 23.279
Total time:100.181 


Instance: /OVRP/300p1v.ovrp

Alpha: 0.500000
Method: RKO
Sol: 0 202 167 171 88 247 77 94 163 106 248 123 274 42 68 51 28 90 151 161 14 143 284 246 108 57 264 240 193 244 95 158 179 82 242 86 156 104 260 227 253 252 37 122 196 172 268 154 231 146 110 145 221 11 12 27 187 282 23 3 186 31 135 208 194 224 215 176 113 16 137 61 45 136 285 83 63 62 200 115 177 159 17 117 279 1 124 91 233 277 239 103 291 261 118 250 5 192 203 59 166 41 32 272 188 165 18 138 245 297 267 105 259 178 298 58 290 55 111 182 126 220 153 269 120 71 206 229 139 72 39 128 46 211 56 238 149 25 30 212 299 170 84 100 96 197 175 275 195 144 130 132 292 52 49 129 262 89 191 281 199 147 21 70 249 81 142 258 273 48 243 79 60 75 24 121 241 232 114 74 99 278 7 237 155 185 255 222 67 287 76 160 15 257 6 236 134 66 209 78 93 34 127 300 276 198 125 73 102 295 181 266 263 2 85 169 22 271 219 294 64 184 80 230 283 174 140 152 36 265 10 116 204 289 293 213 112 29 92 13 280 69 288 189 210 35 133 43 148 225 87 205 235 131 217 19 150 201 107 173 97 226 8 216 20 164 218 223 101 270 44 47 207 228 9 190 168 183 4 54 234 26 33 296 254 141 286 162 180 50 53 40 214 65 256 119 38 157 109 98 251 
ofv: 62.642664
Best time: 101.734
Total time:102.245 


Instance: /OVRP/300p3v.ovrp

Alpha: 0.500000
Method: RKO
Sol: 1 45 37 137 33 188 191 14 282 15 162 78 18 23 41 72 251 40 231 208 73 122 141 159 245 26 123 65 76 280 101 158 106 262 273 221 24 254 39 124 171 187 118 206 299 247 140 20 157 12 267 38 296 142 129 302 200 127 238 8 87 224 289 180 139 89 207 201 237 149 74 83 130 132 134 62 287 138 269 215 69 259 4 114 17 31 261 107 63 85 234 243 97 167 146 197 202 117 161 119 281 19 266 28 60 210 135 212 5 25 284 189 29 147 223 13 71 290 196 178 115 253 275 50 81 77 195 246 242 64 177 199 98 34 43 96 252 70 30 125 276 44 165 168 182 52 126 3 179 48 294 54 51 144 236 192 121 11 230 209 258 67 35 298 110 59 256 143 288 164 93 274 277 240 151 27 32 214 301 172 86 102 213 58 190 160 181 84 244 116 88 9 239 229 255 2 154 176 66 186 82 136 198 174 75 104 265 226 300 91 264 131 111 100 260 47 295 291 257 232 285 278 36 95 80 211 68 270 156 233 148 297 112 183 268 94 217 227 150 184 222 155 271 133 185 6 21 152 99 228 10 218 22 166 49 175 109 203 170 219 56 128 113 57 283 193 292 0 204 16 163 250 108 169 173 90 235 279 55 216 42 241 105 249 79 293 263 120 7 194 205 61 53 92 153 248 220 225 103 46 272 145 286 
ofv: 62.759109
Best time: 100.761
Total time:102.581 


Instance: /OVRP/300p5v.ovrp

Alpha: 0.500000
Method: RKO
Sol: 3 82 97 38 213 70 77 106 272 158 235 150 185 270 284 62 195 294 115 186 130 151 143 76 25 161 113 262 277 52 241 231 257 256 188 84 234 89 261 164 228 212 214 193 31 191 286 27 7 190 35 139 39 137 219 65 49 140 289 67 197 248 79 64 83 247 28 125 90 108 275 223 298 178 68 287 126 173 259 189 120 14 41 269 103 153 29 34 242 169 246 118 142 249 301 87 136 148 199 204 119 181 5 121 163 283 2 40 159 22 236 245 66 279 179 45 92 175 54 184 166 145 21 268 30 253 74 238 194 13 111 220 24 48 274 105 227 1 47 16 15 225 149 114 299 267 19 33 255 102 56 53 146 43 123 69 37 300 61 258 290 171 110 72 9 196 207 63 55 32 46 167 98 170 81 107 243 281 260 232 211 12 230 101 154 23 221 58 8 187 210 233 42 85 296 132 50 134 244 99 86 160 264 26 156 144 304 131 4 0 112 206 165 18 250 222 168 51 177 205 172 135 273 75 124 157 224 239 133 91 180 117 20 182 116 6 176 200 10 240 138 202 280 129 226 71 217 109 141 229 152 93 285 59 203 209 266 302 198 292 73 17 96 80 291 263 271 297 293 208 11 282 78 183 162 192 60 215 216 303 174 88 104 100 201 276 128 95 36 218 44 57 237 251 295 265 122 254 278 127 252 94 155 147 288 
ofv: 62.963704
Best time: 96.419
Total time:102.617 


Instance: /OVRP/500p1v.ovrp

Alpha: 0.500000
Method: RKO
Sol: 0 57 302 286 141 17 264 495 489 26 61 401 472 105 486 442 13 69 266 181 295 453 383 134 283 304 80 376 37 204 499 138 83 193 244 95 165 242 114 7 430 155 396 322 185 434 421 382 137 113 176 225 148 482 85 236 230 381 348 174 443 127 93 78 339 66 329 268 301 154 146 336 110 221 11 12 189 357 210 427 281 338 38 305 492 249 70 81 313 79 60 441 121 63 278 260 475 271 455 352 22 36 122 169 222 320 372 136 285 75 333 394 62 200 468 177 254 436 202 465 351 180 50 476 41 84 390 303 438 415 30 25 420 158 156 104 219 300 418 34 450 209 276 330 184 389 227 237 245 297 449 467 98 358 493 199 111 448 262 178 287 213 498 488 368 125 318 255 289 293 267 49 391 168 326 107 9 173 373 97 485 150 19 395 234 458 439 190 119 327 228 207 456 256 65 369 108 393 42 274 68 312 51 28 90 471 248 166 403 334 32 435 272 91 124 487 397 167 151 161 14 310 496 106 123 466 463 328 380 94 163 171 88 1 132 337 392 307 460 347 412 109 72 404 417 335 402 44 143 284 409 226 342 323 361 201 491 414 362 217 385 54 206 315 229 139 205 89 194 384 366 208 58 324 126 269 183 162 425 398 445 400 365 118 250 481 356 246 444 164 218 223 101 270 359 59 203 192 5 497 261 291 371 340 77 233 477 170 457 399 306 341 188 387 18 82 309 195 115 296 343 432 500 47 363 480 325 386 117 279 159 46 447 292 332 484 258 490 45 116 10 265 252 253 437 308 446 149 40 416 214 411 299 100 346 197 440 211 479 179 379 424 99 74 86 451 232 241 24 243 52 142 21 235 353 182 220 153 321 131 388 128 175 275 367 144 39 408 157 129 35 407 135 31 186 470 3 23 474 282 187 27 319 354 422 454 145 419 428 102 73 316 494 452 64 349 152 294 355 140 345 459 473 478 198 172 196 6 67 259 87 298 344 215 378 224 29 15 263 461 429 231 2 257 360 112 92 280 406 160 76 16 251 96 464 364 53 350 277 247 377 103 239 462 433 423 212 238 56 331 240 317 273 48 374 426 370 130 431 405 33 20 216 8 375 4 120 71 147 483 43 133 314 469 311 55 410 290 191 288 413 
ofv: 102.743375
Best time: 95.096
Total time:109.389 


Instance: /OVRP/500p3v.ovrp

Alpha: 0.500000
Method: RKO
Sol: 1 300 196 290 71 282 15 162 360 390 497 298 467 169 498 108 250 92 312 153 204 304 281 119 161 48 335 242 343 333 58 27 32 214 425 305 86 172 301 413 42 418 342 402 367 252 465 7 70 468 276 44 483 2 296 357 221 273 255 229 101 76 426 381 84 88 244 116 243 443 62 491 266 388 143 288 427 182 52 478 43 336 34 274 470 130 83 393 74 340 201 450 128 471 292 193 316 37 409 137 5 25 321 359 386 495 159 410 315 334 428 81 394 486 41 72 251 458 258 438 163 16 248 446 404 365 502 434 345 67 337 295 423 87 238 500 136 454 68 331 303 156 431 233 463 421 430 270 75 318 174 8 291 299 389 190 213 401 348 102 440 417 240 448 310 160 267 39 171 455 297 112 147 223 456 424 14 368 210 45 429 60 264 3 126 405 373 125 30 53 330 382 120 263 293 235 366 339 50 100 111 414 484 135 212 33 188 472 191 415 488 254 24 354 457 477 9 54 51 494 236 192 363 203 99 228 411 286 46 482 433 197 167 97 280 262 38 378 82 285 332 383 350 0 59 327 449 134 26 140 501 206 124 200 480 302 445 475 461 347 142 154 351 176 320 127 370 362 289 131 207 141 317 208 323 133 271 155 222 237 149 73 122 185 493 487 10 218 22 225 166 49 375 175 325 328 21 397 152 344 109 11 460 307 23 89 217 408 13 356 189 476 284 29 338 148 265 17 444 78 180 18 115 178 139 31 183 268 94 226 380 346 91 326 313 412 57 113 355 184 231 40 406 35 294 245 20 432 239 157 12 324 187 436 118 398 85 123 77 372 132 146 117 179 19 110 371 209 230 329 121 441 419 28 407 466 464 216 241 105 379 79 249 279 435 459 392 234 65 195 246 308 199 98 400 353 399 168 165 96 447 173 90 479 481 311 422 181 439 158 247 451 492 469 253 63 474 322 269 257 232 490 224 69 215 107 384 462 349 227 150 283 485 6 56 387 377 219 364 416 170 144 260 275 319 376 138 374 47 403 287 453 202 93 489 164 395 358 473 314 61 205 194 499 352 55 151 106 391 186 306 66 278 129 420 95 80 341 36 452 211 496 198 385 104 4 259 114 261 309 396 64 369 277 177 442 437 256 220 103 272 361 145 
ofv: 103.427607
Best time: 109.777
Total time:111.196 


Instance: /OVRP/500p5v.ovrp

Alpha: 0.500000
Method: RKO
Sol: 3 422 304 482 129 234 494 471 102 53 146 56 277 262 140 249 257 26 356 459 393 380 84 138 305 158 433 150 458 190 35 411 39 152 229 266 285 59 294 212 370 361 193 7 27 478 286 191 358 426 16 417 73 33 490 109 87 99 169 310 419 216 354 57 281 218 466 303 461 427 34 29 153 1 328 195 414 452 130 315 473 292 410 284 17 446 267 19 116 6 387 10 89 120 208 65 464 416 362 161 379 389 58 8 135 273 157 325 187 194 171 110 127 278 46 485 265 404 369 122 254 375 81 251 237 481 480 184 166 145 37 309 42 143 486 164 80 291 364 271 142 236 245 279 179 472 377 177 346 154 399 23 418 210 319 233 76 412 133 91 228 198 214 139 474 323 31 340 235 423 432 492 40 256 231 103 246 118 90 11 241 455 67 125 28 247 321 378 52 453 49 405 476 324 217 71 226 263 386 351 255 488 136 374 435 451 311 376 301 297 259 173 308 68 38 343 82 97 447 477 280 202 322 456 498 320 77 261 182 180 20 113 497 25 395 496 74 43 317 336 341 430 64 79 248 197 445 83 123 13 111 101 230 12 220 24 413 48 274 363 105 227 112 373 504 436 489 495 205 365 172 238 408 396 289 282 78 428 383 424 242 415 44 420 491 469 250 147 288 2 156 144 349 463 131 454 213 333 70 334 287 126 400 85 253 392 30 268 329 258 290 429 402 306 61 327 330 366 221 124 75 151 239 219 382 348 93 115 487 357 186 224 0 155 314 94 55 316 63 207 196 332 384 98 407 338 36 95 128 276 439 104 394 88 368 45 500 360 252 475 32 72 9 467 501 470 4 162 183 160 264 275 223 359 298 352 385 372 457 185 270 15 388 137 318 431 47 302 62 203 342 209 117 438 189 326 14 159 86 313 371 181 119 50 296 141 96 225 149 114 299 465 272 106 176 200 240 502 425 293 503 391 22 244 337 134 148 204 355 401 397 170 449 243 307 442 60 483 450 312 441 108 479 353 178 188 41 269 434 192 335 345 215 66 398 199 132 409 339 460 260 69 403 350 107 381 344 295 167 206 440 448 406 367 51 168 222 18 165 175 92 54 283 121 390 300 499 493 421 443 462 331 232 211 347 484 21 163 5 468 437 174 100 201 444 
ofv: 103.266385
Best time: 109.371
Total time:109.776 


Instance: /OVRP/100p1v.ovrp

Alpha: 0.200000
Method: RKO
Sol: 0 14 57 47 44 20 8 97 9 19 54 4 71 55 89 87 76 29 15 2 73 66 78 93 34 64 80 37 36 22 7 99 74 86 82 95 62 84 40 53 77 94 42 68 5 59 51 28 90 88 50 41 1 46 75 60 79 24 48 45 61 67 6 85 10 18 83 63 56 25 30 100 96 32 91 17 65 33 26 70 81 39 38 72 21 49 52 98 16 92 13 69 11 12 27 23 3 31 35 43 58 
ofv: 30.962738
Best time: 27.290
Total time:100.240 


Instance: /OVRP/100p3v.ovrp

Alpha: 0.200000
Method: RKO
Sol: 2 38 24 9 101 76 88 84 97 65 85 47 63 100 50 54 51 23 74 41 83 72 40 56 6 73 57 91 60 45 37 71 94 31 17 4 8 87 69 0 59 67 35 28 19 3 93 34 98 102 86 42 55 43 52 90 79 96 44 70 7 61 53 30 92 16 49 46 22 10 99 11 21 1 89 18 78 15 13 14 33 5 25 29 75 68 80 95 36 66 82 39 12 20 26 81 62 77 48 64 58 32 27 
ofv: 30.898657
Best time: 71.795
Total time:100.235 


Instance: /OVRP/100p5v.ovrp

Alpha: 0.200000
Method: RKO
Sol: 1 91 20 65 49 3 82 97 38 70 0 61 21 69 37 30 4 2 68 84 14 22 87 67 28 85 74 43 42 76 25 53 56 102 52 83 64 79 66 50 5 95 36 45 54 92 46 98 81 57 44 100 104 88 34 29 60 99 86 90 78 103 11 26 40 41 71 89 10 77 6 19 33 80 96 17 73 15 16 31 27 7 35 39 47 62 93 59 75 8 58 23 13 101 12 24 48 51 18 94 32 55 72 9 63 
ofv: 30.874563
Best time: 84.413
Total time:100.248 


Instance: /OVRP/300p1v.ovrp

Alpha: 0.200000
Method: RKO
Sol: 0 218 223 101 14 161 151 90 68 5 192 203 59 51 28 123 248 106 167 202 246 164 47 207 173 107 9 228 256 65 296 254 141 272 96 197 100 212 30 25 149 158 156 260 253 22 252 80 184 64 174 152 140 300 127 34 93 78 209 66 134 222 67 213 45 273 49 39 234 168 190 119 108 57 17 279 117 159 177 115 128 46 240 193 155 10 185 255 85 257 263 295 181 266 145 27 12 189 210 133 208 194 225 98 48 285 83 136 258 251 16 137 76 92 231 146 110 221 11 69 280 13 288 224 148 129 205 235 220 183 19 150 97 226 284 143 270 44 20 216 8 201 217 54 4 131 269 153 126 182 111 55 281 262 87 176 61 267 293 289 297 245 18 7 278 86 242 114 232 241 121 24 79 292 81 249 264 26 1 124 91 180 166 94 291 261 118 250 274 42 163 171 88 32 244 63 138 204 116 236 196 172 73 102 268 154 112 287 178 113 72 38 229 206 71 120 147 109 105 259 125 198 276 283 230 265 227 237 99 74 179 82 95 165 188 56 238 275 175 200 62 195 144 130 132 75 60 243 52 142 21 157 199 290 191 298 215 160 29 15 2 6 169 122 37 36 294 219 271 104 211 84 170 299 214 40 239 103 77 247 233 277 53 41 50 162 286 33 70 139 89 58 43 35 135 31 186 3 23 187 282 
ofv: 93.293321
Best time: 100.205
Total time:102.649 


Instance: /OVRP/300p3v.ovrp

Alpha: 0.200000
Method: RKO
Sol: 2 38 254 0 110 59 256 143 288 164 182 52 43 90 173 248 220 225 166 49 209 230 121 251 144 51 100 111 264 283 201 184 222 185 21 152 99 228 46 272 103 169 168 165 96 1 139 180 289 261 107 69 224 238 8 174 75 68 211 80 95 36 129 302 176 66 186 171 291 295 215 94 5 25 284 189 29 147 112 183 297 148 233 156 270 127 200 278 285 82 124 187 118 206 247 140 65 123 77 195 242 213 58 190 167 84 181 158 280 9 299 269 114 17 4 259 87 257 157 20 244 97 246 243 234 116 88 76 101 154 142 296 221 273 24 255 229 239 85 138 287 26 62 81 245 83 72 74 141 73 122 236 3 274 199 98 34 93 126 161 266 35 219 56 6 133 271 155 128 57 91 217 226 162 78 31 265 104 198 136 232 39 267 12 262 106 160 151 27 32 214 240 134 294 23 159 207 131 89 178 18 63 47 275 54 41 192 109 175 10 218 22 286 145 153 92 30 70 53 61 205 194 7 252 120 263 105 241 42 216 301 172 86 102 64 50 260 253 115 227 150 300 196 210 135 290 71 282 15 268 223 13 14 191 188 33 137 212 37 45 60 193 292 113 237 149 208 231 40 170 203 11 258 67 28 130 48 132 146 197 202 277 177 117 179 281 119 19 298 204 16 163 108 250 125 276 44 293 79 249 235 55 279 
ofv: 93.225883
Best time: 102.315
Total time:102.755 


Instance: /OVRP/300p5v.ovrp

Alpha: 0.200000
Method: RKO
Sol: 4 3 82 97 131 202 129 234 287 68 280 178 144 298 26 257 231 264 103 160 183 86 192 242 216 174 303 218 57 281 243 44 215 60 244 28 52 277 262 102 113 133 266 93 152 229 91 53 146 25 76 233 210 187 135 124 224 186 115 59 294 195 285 203 161 56 125 197 99 169 34 29 153 162 108 275 223 188 84 126 173 89 10 106 272 158 235 150 114 149 225 15 16 193 31 191 286 27 7 190 35 139 214 39 302 143 42 43 253 119 181 163 121 283 21 145 171 110 252 127 254 122 265 295 175 92 45 201 179 279 66 248 67 22 189 259 240 138 200 176 77 70 304 38 213 0 290 166 184 54 88 104 100 276 36 237 107 251 81 98 167 46 278 32 72 9 196 207 63 55 94 170 95 128 5 1 141 263 109 271 293 120 14 159 208 297 217 291 182 80 164 219 228 17 270 185 299 267 19 33 255 296 136 134 148 199 204 50 132 30 61 112 211 13 111 205 221 58 8 273 157 130 62 47 137 212 198 292 73 284 96 116 6 261 226 71 301 249 142 87 289 140 49 65 20 117 180 209 239 151 75 23 154 101 230 220 51 168 105 227 222 250 155 165 18 206 258 300 69 260 232 177 12 24 48 274 147 288 2 156 40 256 41 269 241 11 282 78 90 246 118 236 245 79 64 83 247 85 74 238 172 194 123 37 268 
ofv: 93.160195
Best time: 102.081
Total time:102.635 


Instance: /OVRP/500p1v.ovrp

Alpha: 0.200000
Method: RKO
Sol: 0 254 141 91 124 1 468 211 309 437 104 475 22 252 169 196 172 102 263 92 13 280 69 406 224 378 262 338 206 315 229 246 14 161 90 497 463 250 118 380 328 192 203 59 5 68 312 51 28 166 171 403 438 95 242 245 297 267 213 421 434 322 37 376 80 230 122 155 237 99 74 424 379 33 65 343 369 402 363 500 432 256 26 243 83 138 387 121 441 75 193 420 82 179 499 360 486 442 287 178 137 176 225 89 324 410 55 281 199 353 182 235 147 139 493 61 105 259 222 6 236 498 255 185 116 396 10 265 36 389 174 34 339 93 78 209 450 329 66 478 452 494 316 73 268 301 154 231 429 146 221 11 12 413 408 404 335 436 202 496 291 261 340 41 180 398 425 162 487 32 435 440 333 240 244 114 86 278 7 18 289 293 45 449 292 128 405 279 17 108 444 218 44 284 409 20 216 226 97 150 220 194 288 266 181 295 110 145 336 27 3 470 186 31 135 407 210 35 314 58 298 344 148 87 115 272 477 233 247 77 42 274 466 123 471 248 356 393 397 351 50 476 88 445 371 94 163 106 310 151 359 143 270 101 223 164 47 8 485 385 4 131 183 119 456 57 465 167 481 365 400 377 103 239 277 350 53 464 96 200 132 347 16 215 366 357 189 23 474 282 187 319 354 454 422 384 208 133 43 427 469 311 111 483 205 129 482 160 2 383 134 488 368 125 85 67 382 98 142 391 72 38 362 19 414 326 323 9 228 327 388 337 426 24 430 352 455 271 219 355 294 152 348 381 64 330 304 283 318 198 276 300 418 127 443 473 459 345 140 349 184 320 472 401 372 307 392 370 275 175 144 130 447 313 39 21 157 191 290 448 126 153 321 269 54 217 395 491 201 375 120 71 234 458 439 417 489 159 117 177 197 346 399 331 341 165 188 386 325 480 302 286 334 364 462 170 84 390 457 303 212 415 306 60 79 48 490 467 258 273 49 52 332 46 431 195 394 62 30 25 149 446 308 158 156 260 253 227 204 257 112 29 76 113 412 109 358 492 305 190 168 361 342 107 173 373 207 296 495 264 249 70 81 374 317 136 285 63 451 232 241 479 56 238 423 433 299 411 40 416 214 100 367 484 251 460 15 428 419 453 461 
ofv: 151.248211
Best time: 108.019
Total time:110.316 


Instance: /OVRP/500p3v.ovrp

Alpha: 0.200000
Method: RKO
Sol: 0 16 163 312 92 473 70 330 382 120 252 499 468 125 276 44 168 34 274 470 246 243 234 116 244 97 301 413 42 279 342 263 402 367 465 7 194 205 61 314 53 30 250 108 395 169 248 225 103 2 350 383 66 332 320 127 370 490 69 215 501 381 426 76 280 9 432 206 385 198 174 75 104 4 362 275 294 48 93 489 165 483 96 173 90 336 98 199 442 117 179 161 119 281 3 126 437 177 202 197 335 443 123 138 261 488 265 268 191 212 137 472 188 33 409 135 37 316 471 222 397 152 487 99 228 218 10 175 109 344 493 203 307 41 315 376 319 403 474 107 322 20 88 167 333 343 242 77 62 81 428 245 394 111 484 386 359 14 456 223 183 297 455 430 421 463 233 431 148 338 29 189 284 476 25 5 321 356 424 415 71 264 237 141 40 236 460 419 28 390 334 309 140 389 247 374 231 387 56 219 21 11 230 209 258 67 458 121 192 441 406 83 144 51 260 492 47 224 238 500 136 454 331 68 200 306 186 82 378 118 269 349 414 89 131 207 495 360 54 134 372 396 64 348 392 86 418 241 105 379 249 79 293 373 447 400 164 277 213 481 448 310 160 101 239 157 398 12 232 285 278 302 452 211 1 486 26 58 240 417 214 305 425 32 27 151 273 221 357 296 391 38 254 267 39 351 176 475 445 480 496 318 270 303 156 112 147 13 368 210 45 429 283 340 201 74 72 251 130 433 369 401 459 172 435 464 216 352 55 405 43 143 19 35 337 170 377 185 133 323 149 317 208 73 122 416 328 325 329 345 110 59 256 304 467 399 353 466 102 440 308 195 65 85 299 295 291 423 436 187 324 124 171 257 87 8 259 114 17 31 444 380 217 300 346 91 326 313 355 184 450 128 155 271 6 375 434 502 365 404 220 446 371 327 388 298 497 491 494 393 227 150 226 408 15 282 290 196 60 193 292 412 57 113 485 364 363 22 411 286 49 266 407 449 24 142 347 461 129 420 95 80 341 36 154 262 106 439 181 84 453 287 115 178 18 462 139 180 289 384 63 451 469 100 159 410 23 50 229 255 354 457 477 158 422 311 190 482 166 46 272 145 361 153 358 498 204 438 288 427 182 52 478 235 479 366 146 132 339 253 78 162 94 
ofv: 151.232741
Best time: 105.310
Total time:107.754 


Instance: /OVRP/500p5v.ovrp

Alpha: 0.200000
Method: RKO
Sol: 0 61 112 347 52 49 405 476 453 471 336 296 148 204 199 398 244 248 236 118 246 90 103 264 275 223 26 257 231 425 19 267 6 200 89 259 189 326 271 416 497 209 133 152 229 117 180 20 291 490 71 226 10 387 176 320 77 305 158 433 235 465 73 361 139 411 214 193 225 149 299 457 423 432 106 498 120 400 434 11 78 424 29 153 356 459 479 108 312 450 34 216 427 307 218 107 381 375 46 475 94 155 147 288 413 2 352 304 131 447 477 4 501 72 316 1 115 487 239 238 462 145 45 92 175 170 167 98 278 127 54 338 36 100 201 179 279 371 455 142 249 376 494 262 56 53 85 74 253 132 472 350 394 461 174 437 303 415 44 420 243 281 354 57 442 419 60 313 183 160 428 383 86 169 335 345 66 337 445 289 140 109 382 219 302 93 151 210 172 339 373 406 168 105 227 222 314 171 401 360 110 252 32 55 63 207 196 9 470 485 254 369 122 384 332 467 500 397 469 184 355 268 499 300 37 69 260 460 331 366 221 187 59 414 328 294 195 62 137 39 318 431 47 348 141 386 217 173 126 234 188 393 40 256 441 162 483 242 215 197 87 324 364 261 240 502 138 492 372 287 334 68 353 156 298 359 144 349 463 178 322 129 456 272 150 340 31 286 478 191 358 426 16 388 370 212 198 292 410 228 486 309 421 30 493 258 290 480 449 295 265 404 344 81 251 237 481 407 468 276 444 374 311 263 116 446 33 417 474 190 35 473 315 285 452 130 157 273 8 389 135 325 124 75 319 233 143 3 97 82 213 454 333 70 482 280 202 385 308 84 241 282 192 310 403 491 402 429 166 128 5 283 121 21 232 489 101 230 220 448 18 165 206 484 329 390 409 136 79 430 396 247 28 83 341 451 50 435 119 181 95 306 440 250 363 274 48 24 12 177 13 194 443 408 43 146 102 113 362 161 418 330 365 327 123 392 64 125 301 297 293 438 343 38 422 380 14 208 503 277 25 395 76 412 255 351 464 80 164 96 270 185 114 41 269 159 391 22 488 317 496 42 58 379 224 186 357 203 342 266 91 321 378 104 88 466 368 439 163 211 377 346 154 399 23 495 205 111 436 504 51 367 134 99 245 67 65 182 17 284 15 458 323 7 27 
ofv: 151.569764
Best time: 85.226
Total time:108.120 


Instance: /OVRP/100p1v.ovrp

Alpha: 0.000000
Method: RKO
Sol: 0 67 5 23 2 64 91 11 72 9 43 15 55 13 47 24 68 61 32 76 62 85 93 33 54 60 36 40 14 22 18 42 29 49 89 65 21 26 31 46 84 82 48 77 58 79 45 28 71 1 81 96 69 95 51 63 6 39 35 50 86 4 66 80 8 59 57 3 7 97 90 10 30 53 88 34 41 94 25 100 98 56 99 37 74 87 44 83 73 17 92 75 20 16 70 38 12 27 52 19 78 
ofv: 37.337879
Best time: 2.743
Total time:100.234 


Instance: /OVRP/100p3v.ovrp

Alpha: 0.000000
Method: RKO
Sol: 0 1 87 26 57 17 45 92 69 70 11 13 25 31 49 96 10 63 7 15 84 94 34 78 28 23 48 16 76 44 20 62 33 86 42 56 30 67 51 93 21 38 65 3 66 32 50 71 90 95 83 52 68 64 88 36 74 59 73 24 82 98 99 43 35 47 12 60 81 37 55 102 61 79 41 5 8 9 97 6 53 27 4 72 77 58 29 2 54 19 85 75 40 100 39 46 101 91 18 22 80 14 89 
ofv: 37.337879
Best time: 2.577
Total time:100.243 


Instance: /OVRP/100p5v.ovrp

Alpha: 0.000000
Method: RKO
Sol: 2 3 4 71 68 37 19 47 51 6 44 94 95 72 9 28 27 17 98 65 59 13 29 15 88 42 0 93 58 50 12 33 64 18 22 23 45 69 40 25 89 46 43 100 55 75 39 81 78 101 36 14 80 10 83 85 99 66 30 70 97 49 26 73 63 62 53 52 8 38 104 32 5 7 1 84 61 11 92 90 54 76 57 67 86 102 31 103 91 56 82 21 20 41 74 34 96 79 48 60 87 77 35 24 16 
ofv: 37.337879
Best time: 64.209
Total time:100.270 


Instance: /OVRP/300p1v.ovrp

Alpha: 0.000000
Method: RKO
Sol: 0 264 61 59 91 129 158 237 5 49 173 194 146 204 23 72 247 94 110 186 213 192 45 296 298 108 169 201 147 179 25 159 8 277 127 283 143 105 174 21 244 176 67 76 195 273 238 226 28 157 35 164 162 69 79 210 254 111 243 95 58 71 297 41 1 145 217 233 248 270 260 181 198 281 138 22 184 100 282 228 220 97 47 32 292 161 216 141 80 214 12 126 131 2 85 83 73 289 33 221 219 116 78 211 77 290 182 257 148 103 42 68 139 64 112 286 246 187 299 34 170 24 17 66 265 102 295 136 90 117 177 245 200 269 229 150 253 114 40 234 266 252 267 134 89 205 20 46 242 99 168 52 197 230 175 203 261 44 88 60 56 274 153 180 222 84 154 196 250 70 11 16 65 262 38 218 18 275 294 178 6 172 81 300 165 288 235 137 171 251 163 212 279 101 50 185 276 7 63 225 209 87 132 190 151 29 19 268 263 202 107 189 152 96 224 149 207 293 130 215 255 249 206 14 93 199 231 3 109 272 54 241 278 287 4 26 188 115 119 208 121 86 239 135 259 160 53 48 166 10 118 240 39 258 124 144 183 142 92 9 57 285 104 155 193 125 140 291 62 156 128 122 43 113 15 36 98 280 123 227 30 51 82 133 232 271 120 284 27 13 223 236 167 37 191 55 74 256 31 106 75 
ofv: 113.429697
Best time: 50.106
Total time:102.758 


Instance: /OVRP/300p3v.ovrp

Alpha: 0.000000
Method: RKO
Sol: 0 300 178 96 78 218 196 246 176 181 275 7 298 263 74 279 161 158 175 249 215 112 188 13 203 160 163 235 63 290 149 200 145 23 243 256 107 30 51 25 43 179 198 148 49 194 283 131 24 99 171 262 110 206 61 183 71 294 102 27 284 81 186 202 140 164 60 299 73 166 37 245 222 230 291 97 147 34 250 285 1 212 240 36 3 92 231 90 152 261 177 14 19 301 150 48 259 80 33 104 128 271 75 47 123 76 64 266 213 70 197 159 219 72 87 133 138 17 193 276 247 68 199 105 85 10 113 136 82 26 207 221 255 141 297 228 58 42 292 101 223 114 189 22 205 236 254 118 264 155 44 216 269 86 170 172 286 184 46 182 119 278 137 54 108 272 267 124 224 8 143 84 130 41 66 268 129 35 168 62 211 190 238 167 257 103 214 53 229 50 165 288 56 169 232 260 153 293 15 277 52 204 31 295 122 94 117 270 195 20 217 265 88 234 227 187 32 12 120 29 208 242 156 180 209 65 28 116 244 252 2 121 282 289 40 280 226 302 89 126 134 125 11 220 16 9 237 77 225 139 274 258 79 115 109 106 239 69 127 59 4 5 45 287 174 201 93 154 100 142 39 98 91 185 251 241 67 144 157 248 21 192 151 173 55 57 146 18 135 6 111 132 95 273 191 38 253 233 281 162 296 83 210 
ofv: 113.429697
Best time: 64.416
Total time:102.657 


Instance: /OVRP/300p5v.ovrp

Alpha: 0.000000
Method: RKO
Sol: 2 51 177 183 76 217 198 80 151 4 268 277 63 95 163 37 161 302 29 220 98 147 9 224 269 173 248 109 114 25 281 65 180 162 251 26 69 3 196 205 36 15 150 285 166 45 32 202 232 112 133 292 301 185 62 83 188 190 287 237 264 75 73 149 247 39 208 71 300 296 286 258 99 70 5 104 223 252 271 214 30 242 230 178 12 204 265 167 43 27 19 120 88 50 274 261 6 157 138 135 169 72 82 288 143 299 233 84 186 92 201 66 28 87 20 294 48 89 154 290 266 234 174 263 24 181 101 121 35 122 49 273 142 103 152 179 303 209 218 74 207 168 21 56 60 130 140 239 194 38 106 215 77 257 16 191 116 158 46 107 11 137 278 200 41 91 78 256 44 225 102 125 165 227 94 68 115 184 189 279 159 270 7 231 275 298 14 221 40 291 42 289 219 176 172 128 23 295 124 86 111 203 18 250 171 1 212 304 206 156 226 10 153 160 211 155 280 244 195 100 144 192 134 55 8 136 187 284 54 253 85 97 272 254 59 164 241 17 79 197 117 13 193 61 276 81 267 235 259 31 182 67 229 245 0 170 255 33 139 146 199 57 246 52 126 282 110 238 34 222 236 96 47 105 131 297 210 228 118 216 213 53 240 58 145 90 64 108 175 127 22 113 141 129 119 283 293 148 123 262 132 243 249 93 260 
ofv: 113.429697
Best time: 22.475
Total time:102.721 


Instance: /OVRP/500p1v.ovrp

Alpha: 0.000000
Method: RKO
Sol: 0 138 113 22 269 117 362 220 493 11 310 421 500 165 204 148 161 465 139 112 173 479 309 499 34 416 164 228 371 7 211 370 494 246 410 318 274 69 340 79 475 244 248 467 403 238 71 418 74 174 431 88 76 326 268 234 233 210 41 162 489 477 276 95 58 290 297 273 286 270 184 77 260 198 437 447 325 292 409 436 265 283 363 351 426 333 302 100 289 322 398 182 46 203 68 75 366 402 253 135 91 348 434 85 392 115 344 133 485 217 2 324 191 266 294 336 116 486 441 223 106 438 169 24 443 42 200 122 5 114 134 439 449 193 385 1 442 491 192 497 199 121 308 45 412 456 401 84 213 252 395 150 31 188 379 40 222 483 474 98 278 60 154 397 488 123 342 209 419 368 29 329 444 407 230 433 37 404 242 420 429 284 470 255 365 490 111 3 291 38 142 250 167 124 207 48 163 156 155 406 357 125 227 311 393 130 160 243 321 50 206 251 232 178 81 399 394 498 314 137 327 331 305 259 396 27 183 387 334 275 316 15 280 347 496 171 13 101 487 231 300 354 459 249 49 57 89 332 35 166 369 425 177 109 428 237 460 53 480 381 427 104 64 128 172 378 236 63 285 26 235 240 19 413 263 215 262 180 279 10 272 6 473 374 468 405 54 9 317 190 149 380 349 293 258 338 384 484 306 36 30 96 453 219 14 373 55 224 388 471 4 107 208 462 51 319 440 62 118 241 346 86 390 458 376 287 303 345 87 339 16 140 18 432 151 33 414 82 93 430 152 446 132 271 144 59 119 457 90 328 146 417 239 389 423 157 187 175 472 355 145 197 264 408 422 304 194 298 83 127 103 415 247 97 386 356 120 424 257 377 341 8 295 301 335 315 448 176 221 359 478 299 143 464 372 492 256 66 23 73 20 39 147 296 463 44 313 350 141 361 67 254 307 61 225 78 261 92 214 226 21 181 495 25 364 343 129 229 196 288 126 108 94 12 99 159 47 445 382 353 195 205 158 189 337 267 455 476 65 216 80 323 56 168 391 131 218 367 451 32 375 72 185 17 282 400 179 330 43 186 201 102 110 450 202 482 352 411 281 28 466 245 481 136 452 312 454 70 105 383 170 358 435 461 212 469 52 320 277 360 153 
ofv: 183.538485
Best time: 74.988
Total time:110.480 


Instance: /OVRP/500p3v.ovrp

Alpha: 0.000000
Method: RKO
Sol: 1 51 43 35 0 291 292 171 194 164 163 373 239 363 324 421 436 66 240 141 394 64 81 3 7 320 266 501 438 60 395 427 235 24 206 73 37 44 375 476 167 477 250 467 434 61 288 378 479 414 286 488 271 222 496 469 224 248 102 53 397 245 158 451 71 459 364 118 493 428 444 186 256 446 492 416 299 78 342 193 9 285 312 97 411 335 327 499 303 433 244 99 294 311 176 13 372 290 12 212 405 254 491 236 47 481 262 90 237 91 69 166 152 52 10 201 430 135 445 487 420 381 458 205 116 184 76 40 26 272 175 350 415 114 219 119 305 310 33 296 246 280 387 276 238 309 165 502 140 261 368 42 398 370 399 70 346 202 79 213 124 48 87 123 485 267 255 318 136 403 86 120 84 304 150 443 412 192 215 137 17 468 407 429 230 351 111 187 441 185 423 331 321 252 62 472 277 307 182 462 94 409 340 404 208 319 338 386 174 227 195 106 232 144 109 289 196 498 265 4 466 211 470 380 413 18 376 103 440 390 495 210 334 293 432 156 169 113 328 127 234 55 117 38 77 431 384 98 89 251 367 486 57 422 313 490 146 31 348 191 408 100 473 126 125 383 330 162 306 341 168 122 217 336 253 489 401 270 21 482 274 179 389 257 142 356 2 316 461 396 108 347 365 243 302 95 281 352 295 247 56 59 382 242 500 20 326 130 418 157 134 344 6 460 400 151 260 333 282 139 308 448 16 392 464 435 268 439 359 214 5 83 442 221 273 406 233 455 29 264 153 449 287 329 278 323 180 275 425 209 269 475 11 355 231 41 28 67 147 354 349 203 385 497 362 374 471 25 360 241 46 170 159 484 181 133 317 131 494 189 393 115 72 258 263 145 155 410 149 27 314 297 223 474 480 220 345 178 154 358 54 337 465 361 332 452 249 419 424 68 177 30 283 49 15 343 32 216 23 161 417 132 229 225 325 104 129 88 379 450 58 322 148 199 447 50 366 34 188 198 112 402 85 121 315 369 279 173 8 200 457 39 138 92 22 160 391 456 207 371 190 14 453 96 300 353 110 172 228 82 128 74 377 204 65 339 63 388 437 259 183 426 45 357 101 284 301 298 454 107 75 463 36 19 197 483 105 80 478 93 226 218 143 
ofv: 183.538485
Best time: 84.165
Total time:109.381 


Instance: /OVRP/500p5v.ovrp

Alpha: 0.000000
Method: RKO
Sol: 2 374 298 81 423 83 489 366 440 217 142 158 244 405 329 39 461 373 375 221 422 226 313 287 414 490 396 101 178 88 49 75 120 435 378 295 92 372 239 457 501 15 223 197 498 412 1 297 204 63 445 242 99 168 208 278 14 493 5 177 214 115 55 312 45 296 468 224 335 166 401 258 252 80 240 10 26 469 438 389 407 277 62 138 28 232 442 301 503 188 167 73 250 165 169 137 402 181 121 413 447 19 337 215 467 269 257 481 72 238 89 249 504 116 54 340 383 122 64 46 42 487 256 306 4 31 433 66 143 326 406 495 0 453 328 418 154 207 127 411 152 44 294 323 186 336 132 164 237 394 399 492 352 348 343 354 384 318 431 460 274 9 273 118 50 330 351 494 37 160 497 79 314 483 320 20 397 235 11 264 184 288 18 71 263 292 126 466 216 283 430 175 470 398 464 105 202 23 369 141 346 33 159 385 231 417 219 448 8 462 441 436 344 321 243 253 213 410 415 338 13 331 22 475 370 34 196 67 307 502 119 57 400 17 479 429 275 284 30 444 91 268 424 450 367 333 471 90 108 472 136 52 100 6 129 194 276 478 279 102 386 391 212 123 155 361 156 408 246 255 61 377 234 117 349 247 35 58 432 236 353 474 309 409 463 170 113 189 350 125 443 262 254 227 484 291 382 40 97 134 241 7 315 96 259 434 388 139 270 41 203 86 193 59 173 304 420 282 111 358 425 128 355 195 289 68 416 153 171 325 500 110 47 403 272 93 267 308 280 290 144 437 210 380 206 85 248 192 488 491 104 376 145 205 135 427 218 260 84 332 51 476 29 452 449 459 439 319 190 106 419 131 21 392 182 163 482 25 428 94 473 455 379 146 32 265 151 339 43 38 251 78 317 56 404 286 458 365 368 359 347 281 451 201 48 198 77 199 364 345 140 187 220 305 245 356 342 76 293 480 496 465 266 149 24 311 485 362 74 161 183 302 303 3 324 446 225 371 486 174 327 230 387 310 112 124 421 316 148 179 393 130 162 180 109 16 363 200 229 172 157 222 357 390 185 499 271 341 60 209 381 27 150 477 285 211 53 176 233 12 82 454 456 300 70 103 133 65 191 360 395 228 114 322 36 107 147 261 334 69 98 95 426 87 299 
ofv: 183.538485
Best time: 47.598
Total time:106.555 
